trade_date,composite_factor,source_factor,weight,rank_ic_mean,rank_ic_periods,weight_source
20220128,Composite_Equal,Debt_to_Equity,0.09090909090909091,,0,equal
20220128,Composite_Equal,Dividend_Yield,0.09090909090909091,,0,equal
20220128,Composite_Equal,Gross_Margin,0.09090909090909091,,0,equal
20220128,Composite_Equal,Holder_Concen,0.09090909090909091,,0,equal
20220128,Composite_Equal,Main_Net_In,0.09090909090909091,,0,equal
20220128,Composite_Equal,Momentum_60D,0.09090909090909091,,0,equal
20220128,Composite_Equal,PE_TTM,0.09090909090909091,,0,equal
20220128,Composite_Equal,ROE,0.09090909090909091,,0,equal
20220128,Composite_Equal,Revenue_Growth,0.09090909090909091,,0,equal
20220128,Composite_Equal,Turnover_20D,0.09090909090909091,,0,equal
20220128,Composite_Equal,Volatility,0.09090909090909091,,0,equal
20220128,Composite_RollingRankIC,Debt_to_Equity,0.09090909090909091,,0,fallback_equal
20220128,Composite_RollingRankIC,Dividend_Yield,0.09090909090909091,,0,fallback_equal
20220128,Composite_RollingRankIC,Gross_Margin,0.09090909090909091,,0,fallback_equal
20220128,Composite_RollingRankIC,Holder_Concen,0.09090909090909091,,0,fallback_equal
20220128,Composite_RollingRankIC,Main_Net_In,0.09090909090909091,,0,fallback_equal
20220128,Composite_RollingRankIC,Momentum_60D,0.09090909090909091,,0,fallback_equal
20220128,Composite_RollingRankIC,PE_TTM,0.09090909090909091,,0,fallback_equal
20220128,Composite_RollingRankIC,ROE,0.09090909090909091,,0,fallback_equal
20220128,Composite_RollingRankIC,Revenue_Growth,0.09090909090909091,,0,fallback_equal
20220128,Composite_RollingRankIC,Turnover_20D,0.09090909090909091,,0,fallback_equal
20220128,Composite_RollingRankIC,Volatility,0.09090909090909091,,0,fallback_equal
20220228,Composite_Equal,Debt_to_Equity,0.09090909090909091,,0,equal
20220228,Composite_Equal,Dividend_Yield,0.09090909090909091,,0,equal
20220228,Composite_Equal,Gross_Margin,0.09090909090909091,,0,equal
20220228,Composite_Equal,Holder_Concen,0.09090909090909091,,0,equal
20220228,Composite_Equal,Main_Net_In,0.09090909090909091,,0,equal
20220228,Composite_Equal,Momentum_60D,0.09090909090909091,,0,equal
20220228,Composite_Equal,PE_TTM,0.09090909090909091,,0,equal
20220228,Composite_Equal,ROE,0.09090909090909091,,0,equal
20220228,Composite_Equal,Revenue_Growth,0.09090909090909091,,0,equal
20220228,Composite_Equal,Turnover_20D,0.09090909090909091,,0,equal
20220228,Composite_Equal,Volatility,0.09090909090909091,,0,equal
20220228,Composite_RollingRankIC,Debt_to_Equity,0.09090909090909091,-0.04378408600166465,1,fallback_equal
20220228,Composite_RollingRankIC,Dividend_Yield,0.09090909090909091,-0.04304112003962108,1,fallback_equal
20220228,Composite_RollingRankIC,Gross_Margin,0.09090909090909091,-0.06105401526766975,1,fallback_equal
20220228,Composite_RollingRankIC,Holder_Concen,0.09090909090909091,-0.11491166931488943,1,fallback_equal
20220228,Composite_RollingRankIC,Main_Net_In,0.09090909090909091,-0.0781191965573547,1,fallback_equal
20220228,Composite_RollingRankIC,Momentum_60D,0.09090909090909091,-0.003962454920407344,1,fallback_equal
20220228,Composite_RollingRankIC,PE_TTM,0.09090909090909091,-0.027351351558563684,1,fallback_equal
20220228,Composite_RollingRankIC,ROE,0.09090909090909091,-0.023057796397264747,1,fallback_equal
20220228,Composite_RollingRankIC,Revenue_Growth,0.09090909090909091,0.023803783829241375,1,fallback_equal
20220228,Composite_RollingRankIC,Turnover_20D,0.09090909090909091,0.0784154602368408,1,fallback_equal
20220228,Composite_RollingRankIC,Volatility,0.09090909090909091,-0.04398448118420204,1,fallback_equal
20220331,Composite_Equal,Debt_to_Equity,0.09090909090909091,,0,equal
20220331,Composite_Equal,Dividend_Yield,0.09090909090909091,,0,equal
20220331,Composite_Equal,Gross_Margin,0.09090909090909091,,0,equal
20220331,Composite_Equal,Holder_Concen,0.09090909090909091,,0,equal
20220331,Composite_Equal,Main_Net_In,0.09090909090909091,,0,equal
20220331,Composite_Equal,Momentum_60D,0.09090909090909091,,0,equal
20220331,Composite_Equal,PE_TTM,0.09090909090909091,,0,equal
20220331,Composite_Equal,ROE,0.09090909090909091,,0,equal
20220331,Composite_Equal,Revenue_Growth,0.09090909090909091,,0,equal
20220331,Composite_Equal,Turnover_20D,0.09090909090909091,,0,equal
20220331,Composite_Equal,Volatility,0.09090909090909091,,0,equal
20220331,Composite_RollingRankIC,Debt_to_Equity,0.09090909090909091,-0.04106144558672441,2,fallback_equal
20220331,Composite_RollingRankIC,Dividend_Yield,0.09090909090909091,0.00998082864475323,2,fallback_equal
20220331,Composite_RollingRankIC,Gross_Margin,0.09090909090909091,-0.07779109388653101,2,fallback_equal
20220331,Composite_RollingRankIC,Holder_Concen,0.09090909090909091,-0.10027494287488212,2,fallback_equal
20220331,Composite_RollingRankIC,Main_Net_In,0.09090909090909091,-0.012268854084069046,2,fallback_equal
20220331,Composite_RollingRankIC,Momentum_60D,0.09090909090909091,0.1050427564347756,2,fallback_equal
20220331,Composite_RollingRankIC,PE_TTM,0.09090909090909091,-0.013965401237185886,2,fallback_equal
20220331,Composite_RollingRankIC,ROE,0.09090909090909091,-0.047822400644234125,2,fallback_equal
20220331,Composite_RollingRankIC,Revenue_Growth,0.09090909090909091,-0.023177539721622287,2,fallback_equal
20220331,Composite_RollingRankIC,Turnover_20D,0.09090909090909091,0.020178279170207414,2,fallback_equal
20220331,Composite_RollingRankIC,Volatility,0.09090909090909091,0.06830067814504971,2,fallback_equal
20220429,Composite_Equal,Debt_to_Equity,0.09090909090909091,,0,equal
20220429,Composite_Equal,Dividend_Yield,0.09090909090909091,,0,equal
20220429,Composite_Equal,Gross_Margin,0.09090909090909091,,0,equal
20220429,Composite_Equal,Holder_Concen,0.09090909090909091,,0,equal
20220429,Composite_Equal,Main_Net_In,0.09090909090909091,,0,equal
20220429,Composite_Equal,Momentum_60D,0.09090909090909091,,0,equal
20220429,Composite_Equal,PE_TTM,0.09090909090909091,,0,equal
20220429,Composite_Equal,ROE,0.09090909090909091,,0,equal
20220429,Composite_Equal,Revenue_Growth,0.09090909090909091,,0,equal
20220429,Composite_Equal,Turnover_20D,0.09090909090909091,,0,equal
20220429,Composite_Equal,Volatility,0.09090909090909091,,0,equal
20220429,Composite_RollingRankIC,Debt_to_Equity,0.09090909090909091,-0.031730505434138266,3,fallback_equal
20220429,Composite_RollingRankIC,Dividend_Yield,0.09090909090909091,0.04552866059127724,3,fallback_equal
20220429,Composite_RollingRankIC,Gross_Margin,0.09090909090909091,-0.05265933728916559,3,fallback_equal
20220429,Composite_RollingRankIC,Holder_Concen,0.09090909090909091,-0.052640605326166066,3,fallback_equal
20220429,Composite_RollingRankIC,Main_Net_In,0.09090909090909091,0.028386143843969282,3,fallback_equal
20220429,Composite_RollingRankIC,Momentum_60D,0.09090909090909091,0.07540092790265165,3,fallback_equal
20220429,Composite_RollingRankIC,PE_TTM,0.09090909090909091,-0.006978536009080854,3,fallback_equal
20220429,Composite_RollingRankIC,ROE,0.09090909090909091,-0.018266480640007077,3,fallback_equal
20220429,Composite_RollingRankIC,Revenue_Growth,0.09090909090909091,-0.015984024664401016,3,fallback_equal
20220429,Composite_RollingRankIC,Turnover_20D,0.09090909090909091,-0.03573596251970448,3,fallback_equal
20220429,Composite_RollingRankIC,Volatility,0.09090909090909091,0.12292784092163693,3,fallback_equal
20220531,Composite_Equal,Debt_to_Equity,0.09090909090909091,,0,equal
20220531,Composite_Equal,Dividend_Yield,0.09090909090909091,,0,equal
20220531,Composite_Equal,Gross_Margin,0.09090909090909091,,0,equal
20220531,Composite_Equal,Holder_Concen,0.09090909090909091,,0,equal
20220531,Composite_Equal,Main_Net_In,0.09090909090909091,,0,equal
20220531,Composite_Equal,Momentum_60D,0.09090909090909091,,0,equal
20220531,Composite_Equal,PE_TTM,0.09090909090909091,,0,equal
20220531,Composite_Equal,ROE,0.09090909090909091,,0,equal
20220531,Composite_Equal,Revenue_Growth,0.09090909090909091,,0,equal
20220531,Composite_Equal,Turnover_20D,0.09090909090909091,,0,equal
20220531,Composite_Equal,Volatility,0.09090909090909091,,0,equal
20220531,Composite_RollingRankIC,Debt_to_Equity,0.09090909090909091,-0.020592650857555087,4,fallback_equal
20220531,Composite_RollingRankIC,Dividend_Yield,0.09090909090909091,0.009322070059086182,4,fallback_equal
20220531,Composite_RollingRankIC,Gross_Margin,0.09090909090909091,-0.04038672334992797,4,fallback_equal
20220531,Composite_RollingRankIC,Holder_Concen,0.09090909090909091,-0.04941940626568544,4,fallback_equal
20220531,Composite_RollingRankIC,Main_Net_In,0.09090909090909091,0.03714827226413526,4,fallback_equal
20220531,Composite_RollingRankIC,Momentum_60D,0.09090909090909091,0.011136483026698382,4,fallback_equal
20220531,Composite_RollingRankIC,PE_TTM,0.09090909090909091,-0.011979845445317768,4,fallback_equal
20220531,Composite_RollingRankIC,ROE,0.09090909090909091,-0.020126141205997566,4,fallback_equal
20220531,Composite_RollingRankIC,Revenue_Growth,0.09090909090909091,-0.005044392393273473,4,fallback_equal
20220531,Composite_RollingRankIC,Turnover_20D,0.09090909090909091,-0.030231935944536416,4,fallback_equal
20220531,Composite_RollingRankIC,Volatility,0.09090909090909091,0.0594326641417394,4,fallback_equal
20220630,Composite_Equal,Debt_to_Equity,0.09090909090909091,,0,equal
20220630,Composite_Equal,Dividend_Yield,0.09090909090909091,,0,equal
20220630,Composite_Equal,Gross_Margin,0.09090909090909091,,0,equal
20220630,Composite_Equal,Holder_Concen,0.09090909090909091,,0,equal
20220630,Composite_Equal,Main_Net_In,0.09090909090909091,,0,equal
20220630,Composite_Equal,Momentum_60D,0.09090909090909091,,0,equal
20220630,Composite_Equal,PE_TTM,0.09090909090909091,,0,equal
20220630,Composite_Equal,ROE,0.09090909090909091,,0,equal
20220630,Composite_Equal,Revenue_Growth,0.09090909090909091,,0,equal
20220630,Composite_Equal,Turnover_20D,0.09090909090909091,,0,equal
20220630,Composite_Equal,Volatility,0.09090909090909091,,0,equal
20220630,Composite_RollingRankIC,Debt_to_Equity,0.09090909090909091,-0.027257868006394608,5,fallback_equal
20220630,Composite_RollingRankIC,Dividend_Yield,0.09090909090909091,-0.00225388260261951,5,fallback_equal
20220630,Composite_RollingRankIC,Gross_Margin,0.09090909090909091,-0.02887997275434954,5,fallback_equal
20220630,Composite_RollingRankIC,Holder_Concen,0.09090909090909091,-0.04422304110222609,5,fallback_equal
20220630,Composite_RollingRankIC,Main_Net_In,0.09090909090909091,0.03081590403952756,5,fallback_equal
20220630,Composite_RollingRankIC,Momentum_60D,0.09090909090909091,-0.034852551991009,5,fallback_equal
20220630,Composite_RollingRankIC,PE_TTM,0.09090909090909091,-0.013145431058606629,5,fallback_equal
20220630,Composite_RollingRankIC,ROE,0.09090909090909091,-0.012507488701202722,5,fallback_equal
20220630,Composite_RollingRankIC,Revenue_Growth,0.09090909090909091,0.006485258399484287,5,fallback_equal
20220630,Composite_RollingRankIC,Turnover_20D,0.09090909090909091,-0.023400605045916584,5,fallback_equal
20220630,Composite_RollingRankIC,Volatility,0.09090909090909091,0.018828815257553706,5,fallback_equal
20220729,Composite_Equal,Debt_to_Equity,0.09090909090909091,,0,equal
20220729,Composite_Equal,Dividend_Yield,0.09090909090909091,,0,equal
20220729,Composite_Equal,Gross_Margin,0.09090909090909091,,0,equal
20220729,Composite_Equal,Holder_Concen,0.09090909090909091,,0,equal
20220729,Composite_Equal,Main_Net_In,0.09090909090909091,,0,equal
20220729,Composite_Equal,Momentum_60D,0.09090909090909091,,0,equal
20220729,Composite_Equal,PE_TTM,0.09090909090909091,,0,equal
20220729,Composite_Equal,ROE,0.09090909090909091,,0,equal
20220729,Composite_Equal,Revenue_Growth,0.09090909090909091,,0,equal
20220729,Composite_Equal,Turnover_20D,0.09090909090909091,,0,equal
20220729,Composite_Equal,Volatility,0.09090909090909091,,0,equal
20220729,Composite_RollingRankIC,Debt_to_Equity,0.0,-0.02746014270528976,6,rolling_rankic
20220729,Composite_RollingRankIC,Dividend_Yield,0.0,-0.005944387398974457,6,rolling_rankic
20220729,Composite_RollingRankIC,Gross_Margin,0.0,-0.031082557393224575,6,rolling_rankic
20220729,Composite_RollingRankIC,Holder_Concen,0.0,-0.039321367448496215,6,rolling_rankic
20220729,Composite_RollingRankIC,Main_Net_In,0.5170004144124535,0.03201340562366497,6,rolling_rankic
20220729,Composite_RollingRankIC,Momentum_60D,0.0,-0.0207260540510581,6,rolling_rankic
20220729,Composite_RollingRankIC,PE_TTM,0.0,-0.004398768671664037,6,rolling_rankic
20220729,Composite_RollingRankIC,ROE,0.0,-0.017229147561930152,6,rolling_rankic
20220729,Composite_RollingRankIC,Revenue_Growth,0.1668800872421193,0.010333453851223596,6,rolling_rankic
20220729,Composite_RollingRankIC,Turnover_20D,0.0,-0.025570763191777205,6,rolling_rankic
20220729,Composite_RollingRankIC,Volatility,0.31611949834542713,0.019574571787495793,6,rolling_rankic
20220831,Composite_Equal,Debt_to_Equity,0.09090909090909091,,0,equal
20220831,Composite_Equal,Dividend_Yield,0.09090909090909091,,0,equal
20220831,Composite_Equal,Gross_Margin,0.09090909090909091,,0,equal
20220831,Composite_Equal,Holder_Concen,0.09090909090909091,,0,equal
20220831,Composite_Equal,Main_Net_In,0.09090909090909091,,0,equal
20220831,Composite_Equal,Momentum_60D,0.09090909090909091,,0,equal
20220831,Composite_Equal,PE_TTM,0.09090909090909091,,0,equal
20220831,Composite_Equal,ROE,0.09090909090909091,,0,equal
20220831,Composite_Equal,Revenue_Growth,0.09090909090909091,,0,equal
20220831,Composite_Equal,Turnover_20D,0.09090909090909091,,0,equal
20220831,Composite_Equal,Volatility,0.09090909090909091,,0,equal
20220831,Composite_RollingRankIC,Debt_to_Equity,0.0,-0.023810031264394203,7,rolling_rankic
20220831,Composite_RollingRankIC,Dividend_Yield,0.11872670013941584,0.011544857470662752,7,rolling_rankic
20220831,Composite_RollingRankIC,Gross_Margin,0.0,-0.03180255854619014,7,rolling_rankic
20220831,Composite_RollingRankIC,Holder_Concen,0.0,-0.04137992307442846,7,rolling_rankic
20220831,Composite_RollingRankIC,Main_Net_In,0.31661557219785685,0.030787359959674982,7,rolling_rankic
20220831,Composite_RollingRankIC,Momentum_60D,0.0,-0.0366739881773793,7,rolling_rankic
20220831,Composite_RollingRankIC,PE_TTM,0.0,-0.00641729717658502,7,rolling_rankic
20220831,Composite_RollingRankIC,ROE,0.0,-0.01957502751040093,7,rolling_rankic
20220831,Composite_RollingRankIC,Revenue_Growth,0.0900108995442513,0.008752563701545465,7,rolling_rankic
20220831,Composite_RollingRankIC,Turnover_20D,0.0,-0.051137841015356324,7,rolling_rankic
20220831,Composite_RollingRankIC,Volatility,0.47464682811847597,0.04615415044042618,7,rolling_rankic
20220930,Composite_Equal,Debt_to_Equity,0.09090909090909091,,0,equal
20220930,Composite_Equal,Dividend_Yield,0.09090909090909091,,0,equal
20220930,Composite_Equal,Gross_Margin,0.09090909090909091,,0,equal
20220930,Composite_Equal,Holder_Concen,0.09090909090909091,,0,equal
20220930,Composite_Equal,Main_Net_In,0.09090909090909091,,0,equal
20220930,Composite_Equal,Momentum_60D,0.09090909090909091,,0,equal
20220930,Composite_Equal,PE_TTM,0.09090909090909091,,0,equal
20220930,Composite_Equal,ROE,0.09090909090909091,,0,equal
20220930,Composite_Equal,Revenue_Growth,0.09090909090909091,,0,equal
20220930,Composite_Equal,Turnover_20D,0.09090909090909091,,0,equal
20220930,Composite_Equal,Volatility,0.09090909090909091,,0,equal
20220930,Composite_RollingRankIC,Debt_to_Equity,0.0,-0.02268801532581505,8,rolling_rankic
20220930,Composite_RollingRankIC,Dividend_Yield,0.20273189523140453,0.025530778300145364,8,rolling_rankic
20220930,Composite_RollingRankIC,Gross_Margin,0.0,-0.025328672699850903,8,rolling_rankic
20220930,Composite_RollingRankIC,Holder_Concen,0.0,-0.036078540956325796,8,rolling_rankic
20220930,Composite_RollingRankIC,Main_Net_In,0.23891130083622622,0.030086984823413015,8,rolling_rankic
20220930,Composite_RollingRankIC,Momentum_60D,0.0,-0.02858248142904149,8,rolling_rankic
20220930,Composite_RollingRankIC,PE_TTM,0.0,-0.002896278050628261,8,rolling_rankic
20220930,Composite_RollingRankIC,ROE,0.0,-0.014418394271339553,8,rolling_rankic
20220930,Composite_RollingRankIC,Revenue_Growth,0.03194576565667897,0.004023048567064974,8,rolling_rankic
20220930,Composite_RollingRankIC,Turnover_20D,0.0,-0.06690294320112516,8,rolling_rankic
20220930,Composite_RollingRankIC,Volatility,0.5264110382756902,0.0662928913954339,8,rolling_rankic
20221031,Composite_Equal,Debt_to_Equity,0.09090909090909091,,0,equal
20221031,Composite_Equal,Dividend_Yield,0.09090909090909091,,0,equal
20221031,Composite_Equal,Gross_Margin,0.09090909090909091,,0,equal
20221031,Composite_Equal,Holder_Concen,0.09090909090909091,,0,equal
20221031,Composite_Equal,Main_Net_In,0.09090909090909091,,0,equal
20221031,Composite_Equal,Momentum_60D,0.09090909090909091,,0,equal
20221031,Composite_Equal,PE_TTM,0.09090909090909091,,0,equal
20221031,Composite_Equal,ROE,0.09090909090909091,,0,equal
20221031,Composite_Equal,Revenue_Growth,0.09090909090909091,,0,equal
20221031,Composite_Equal,Turnover_20D,0.09090909090909091,,0,equal
20221031,Composite_Equal,Volatility,0.09090909090909091,,0,equal
20221031,Composite_RollingRankIC,Debt_to_Equity,0.0,-0.01690014328714543,9,rolling_rankic
20221031,Composite_RollingRankIC,Dividend_Yield,0.1891505563120466,0.0216125130872052,9,rolling_rankic
20221031,Composite_RollingRankIC,Gross_Margin,0.0,-0.014705304401237173,9,rolling_rankic
20221031,Composite_RollingRankIC,Holder_Concen,0.0,-0.03394714121225446,9,rolling_rankic
20221031,Composite_RollingRankIC,Main_Net_In,0.2547292773085551,0.029105596868788306,9,rolling_rankic
20221031,Composite_RollingRankIC,Momentum_60D,0.0,-0.033724569426348674,9,rolling_rankic
20221031,Composite_RollingRankIC,PE_TTM,0.01668960274005041,0.0019069690550871658,9,rolling_rankic
20221031,Composite_RollingRankIC,ROE,0.0,-0.015490329926815686,9,rolling_rankic
20221031,Composite_RollingRankIC,Revenue_Growth,0.05583229458433118,0.0063794483131303535,9,rolling_rankic
20221031,Composite_RollingRankIC,Turnover_20D,0.0,-0.060201227379658384,9,rolling_rankic
20221031,Composite_RollingRankIC,Volatility,0.48359826905501674,0.05525637419568974,9,rolling_rankic
20221130,Composite_Equal,Debt_to_Equity,0.09090909090909091,,0,equal
20221130,Composite_Equal,Dividend_Yield,0.09090909090909091,,0,equal
20221130,Composite_Equal,Gross_Margin,0.09090909090909091,,0,equal
20221130,Composite_Equal,Holder_Concen,0.09090909090909091,,0,equal
20221130,Composite_Equal,Main_Net_In,0.09090909090909091,,0,equal
20221130,Composite_Equal,Momentum_60D,0.09090909090909091,,0,equal
20221130,Composite_Equal,PE_TTM,0.09090909090909091,,0,equal
20221130,Composite_Equal,ROE,0.09090909090909091,,0,equal
20221130,Composite_Equal,Revenue_Growth,0.09090909090909091,,0,equal
20221130,Composite_Equal,Turnover_20D,0.09090909090909091,,0,equal
20221130,Composite_Equal,Volatility,0.09090909090909091,,0,equal
20221130,Composite_RollingRankIC,Debt_to_Equity,0.0,-0.01998313799795106,10,rolling_rankic
20221130,Composite_RollingRankIC,Dividend_Yield,0.23633326684932812,0.026732928498429964,10,rolling_rankic
20221130,Composite_RollingRankIC,Gross_Margin,0.0,-0.022353708742341917,10,rolling_rankic
20221130,Composite_RollingRankIC,Holder_Concen,0.0,-0.035630285769340034,10,rolling_rankic
20221130,Composite_RollingRankIC,Main_Net_In,0.267291058982417,0.030234731078304367,10,rolling_rankic
20221130,Composite_RollingRankIC,Momentum_60D,0.0,-0.04459240183120612,10,rolling_rankic
20221130,Composite_RollingRankIC,PE_TTM,0.018405258705977708,0.0020819179269234837,10,rolling_rankic
20221130,Composite_RollingRankIC,ROE,0.0,-0.0225354324534588,10,rolling_rankic
20221130,Composite_RollingRankIC,Revenue_Growth,0.0,-0.005000692195219068,10,rolling_rankic
20221130,Composite_RollingRankIC,Turnover_20D,0.0,-0.06012552878393375,10,rolling_rankic
20221130,Composite_RollingRankIC,Volatility,0.4779704154622771,0.05406580762522998,10,rolling_rankic
20221230,Composite_Equal,Debt_to_Equity,0.09090909090909091,,0,equal
20221230,Composite_Equal,Dividend_Yield,0.09090909090909091,,0,equal
20221230,Composite_Equal,Gross_Margin,0.09090909090909091,,0,equal
20221230,Composite_Equal,Holder_Concen,0.09090909090909091,,0,equal
20221230,Composite_Equal,Main_Net_In,0.09090909090909091,,0,equal
20221230,Composite_Equal,Momentum_60D,0.09090909090909091,,0,equal
20221230,Composite_Equal,PE_TTM,0.09090909090909091,,0,equal
20221230,Composite_Equal,ROE,0.09090909090909091,,0,equal
20221230,Composite_Equal,Revenue_Growth,0.09090909090909091,,0,equal
20221230,Composite_Equal,Turnover_20D,0.09090909090909091,,0,equal
20221230,Composite_Equal,Volatility,0.09090909090909091,,0,equal
20221230,Composite_RollingRankIC,Debt_to_Equity,0.0,-0.01945158148091902,11,rolling_rankic
20221230,Composite_RollingRankIC,Dividend_Yield,0.23449400284425906,0.02606844976006184,11,rolling_rankic
20221230,Composite_RollingRankIC,Gross_Margin,0.0,-0.020537846874937395,11,rolling_rankic
20221230,Composite_RollingRankIC,Holder_Concen,0.0,-0.03615077309016946,11,rolling_rankic
20221230,Composite_RollingRankIC,Main_Net_In,0.25359440692338964,0.02819182143735114,11,rolling_rankic
20221230,Composite_RollingRankIC,Momentum_60D,0.0,-0.0400911723445812,11,rolling_rankic
20221230,Composite_RollingRankIC,PE_TTM,0.0,-0.0015852954608189453,11,rolling_rankic
20221230,Composite_RollingRankIC,ROE,0.0,-0.023931327792130076,11,rolling_rankic
20221230,Composite_RollingRankIC,Revenue_Growth,0.0,-0.007238783550181968,11,rolling_rankic
20221230,Composite_RollingRankIC,Turnover_20D,0.0,-0.06293034551534478,11,rolling_rankic
20221230,Composite_RollingRankIC,Volatility,0.5119115902323513,0.05690866891989738,11,rolling_rankic
20230131,Composite_Equal,Debt_to_Equity,0.09090909090909091,,0,equal
20230131,Composite_Equal,Dividend_Yield,0.09090909090909091,,0,equal
20230131,Composite_Equal,Gross_Margin,0.09090909090909091,,0,equal
20230131,Composite_Equal,Holder_Concen,0.09090909090909091,,0,equal
20230131,Composite_Equal,Main_Net_In,0.09090909090909091,,0,equal
20230131,Composite_Equal,Momentum_60D,0.09090909090909091,,0,equal
20230131,Composite_Equal,PE_TTM,0.09090909090909091,,0,equal
20230131,Composite_Equal,ROE,0.09090909090909091,,0,equal
20230131,Composite_Equal,Revenue_Growth,0.09090909090909091,,0,equal
20230131,Composite_Equal,Turnover_20D,0.09090909090909091,,0,equal
20230131,Composite_Equal,Volatility,0.09090909090909091,,0,equal
20230131,Composite_RollingRankIC,Debt_to_Equity,0.0,-0.01815278382817697,12,rolling_rankic
20230131,Composite_RollingRankIC,Dividend_Yield,0.22890583831887495,0.024542862184464085,12,rolling_rankic
20230131,Composite_RollingRankIC,Gross_Margin,0.0,-0.012620827279016117,12,rolling_rankic
20230131,Composite_RollingRankIC,Holder_Concen,0.0,-0.03246584623141131,12,rolling_rankic
20230131,Composite_RollingRankIC,Main_Net_In,0.2534620970828247,0.027175738999821227,12,rolling_rankic
20230131,Composite_RollingRankIC,Momentum_60D,0.0,-0.049336373924874964,12,rolling_rankic
20230131,Composite_RollingRankIC,PE_TTM,0.05324127428866291,0.00570843132262808,12,rolling_rankic
20230131,Composite_RollingRankIC,ROE,0.0,-0.014752155987541274,12,rolling_rankic
20230131,Composite_RollingRankIC,Revenue_Growth,0.0,-0.002338238059418194,12,rolling_rankic
20230131,Composite_RollingRankIC,Turnover_20D,0.0,-0.06396829316855794,12,rolling_rankic
20230131,Composite_RollingRankIC,Volatility,0.4643907903096374,0.04979112481363034,12,rolling_rankic
20230228,Composite_Equal,Debt_to_Equity,0.09090909090909091,,0,equal
20230228,Composite_Equal,Dividend_Yield,0.09090909090909091,,0,equal
20230228,Composite_Equal,Gross_Margin,0.09090909090909091,,0,equal
20230228,Composite_Equal,Holder_Concen,0.09090909090909091,,0,equal
20230228,Composite_Equal,Main_Net_In,0.09090909090909091,,0,equal
20230228,Composite_Equal,Momentum_60D,0.09090909090909091,,0,equal
20230228,Composite_Equal,PE_TTM,0.09090909090909091,,0,equal
20230228,Composite_Equal,ROE,0.09090909090909091,,0,equal
20230228,Composite_Equal,Revenue_Growth,0.09090909090909091,,0,equal
20230228,Composite_Equal,Turnover_20D,0.09090909090909091,,0,equal
20230228,Composite_Equal,Volatility,0.09090909090909091,,0,equal
20230228,Composite_RollingRankIC,Debt_to_Equity,0.0,-0.013141867659855906,12,rolling_rankic
20230228,Composite_RollingRankIC,Dividend_Yield,0.25340108144145707,0.0421031184221331,12,rolling_rankic
20230228,Composite_RollingRankIC,Gross_Margin,0.0,-0.006060403117777967,12,rolling_rankic
20230228,Composite_RollingRankIC,Holder_Concen,0.0,-0.025395177193700363,12,rolling_rankic
20230228,Composite_RollingRankIC,Main_Net_In,0.19735976044080747,0.03279173600339532,12,rolling_rankic
20230228,Composite_RollingRankIC,Momentum_60D,0.0,-0.052246338163915794,12,rolling_rankic
20230228,Composite_RollingRankIC,PE_TTM,0.10345367825856888,0.01718904450663159,12,rolling_rankic
20230228,Composite_RollingRankIC,ROE,0.0,-0.014835803509838904,12,rolling_rankic
20230228,Composite_RollingRankIC,Revenue_Growth,0.0,-0.011990457344240465,12,rolling_rankic
20230228,Composite_RollingRankIC,Turnover_20D,0.0,-0.08418515580621068,12,rolling_rankic
20230228,Composite_RollingRankIC,Volatility,0.4457854798591665,0.0740681876439193,12,rolling_rankic
20230331,Composite_Equal,Debt_to_Equity,0.09090909090909091,,0,equal
20230331,Composite_Equal,Dividend_Yield,0.09090909090909091,,0,equal
20230331,Composite_Equal,Gross_Margin,0.09090909090909091,,0,equal
20230331,Composite_Equal,Holder_Concen,0.09090909090909091,,0,equal
20230331,Composite_Equal,Main_Net_In,0.09090909090909091,,0,equal
20230331,Composite_Equal,Momentum_60D,0.09090909090909091,,0,equal
20230331,Composite_Equal,PE_TTM,0.09090909090909091,,0,equal
20230331,Composite_Equal,ROE,0.09090909090909091,,0,equal
20230331,Composite_Equal,Revenue_Growth,0.09090909090909091,,0,equal
20230331,Composite_Equal,Turnover_20D,0.09090909090909091,,0,equal
20230331,Composite_Equal,Volatility,0.09090909090909091,,0,equal
20230331,Composite_RollingRankIC,Debt_to_Equity,0.0,-0.004575225373288993,12,rolling_rankic
20230331,Composite_RollingRankIC,Dividend_Yield,0.2638001404123409,0.04892050076651755,12,rolling_rankic
20230331,Composite_RollingRankIC,Gross_Margin,0.011509957489038696,0.0021344677197099805,12,rolling_rankic
20230331,Composite_RollingRankIC,Holder_Concen,0.0,-0.01822493915170587,12,rolling_rankic
20230331,Composite_RollingRankIC,Main_Net_In,0.15007700470937776,0.02783107777139876,12,rolling_rankic
20230331,Composite_RollingRankIC,Momentum_60D,0.0,-0.06761680462099641,12,rolling_rankic
20230331,Composite_RollingRankIC,PE_TTM,0.14312515230860892,0.026541889296483833,12,rolling_rankic
20230331,Composite_RollingRankIC,ROE,0.0,-0.0113604632189871,12,rolling_rankic
20230331,Composite_RollingRankIC,Revenue_Growth,0.0,-0.01218289412091003,12,rolling_rankic
20230331,Composite_RollingRankIC,Turnover_20D,0.0,-0.09290547109204018,12,rolling_rankic
20230331,Composite_RollingRankIC,Volatility,0.4314877450806338,0.08001738183674063,12,rolling_rankic
20230428,Composite_Equal,Debt_to_Equity,0.09090909090909091,,0,equal
20230428,Composite_Equal,Dividend_Yield,0.09090909090909091,,0,equal
20230428,Composite_Equal,Gross_Margin,0.09090909090909091,,0,equal
20230428,Composite_Equal,Holder_Concen,0.09090909090909091,,0,equal
20230428,Composite_Equal,Main_Net_In,0.09090909090909091,,0,equal
20230428,Composite_Equal,Momentum_60D,0.09090909090909091,,0,equal
20230428,Composite_Equal,PE_TTM,0.09090909090909091,,0,equal
20230428,Composite_Equal,ROE,0.09090909090909091,,0,equal
20230428,Composite_Equal,Revenue_Growth,0.09090909090909091,,0,equal
20230428,Composite_Equal,Turnover_20D,0.09090909090909091,,0,equal
20230428,Composite_Equal,Volatility,0.09090909090909091,,0,equal
20230428,Composite_RollingRankIC,Debt_to_Equity,0.0,-0.0007345716247390508,12,rolling_rankic
20230428,Composite_RollingRankIC,Dividend_Yield,0.2626479910551754,0.04675502961315601,12,rolling_rankic
20230428,Composite_RollingRankIC,Gross_Margin,0.01281099449164016,0.0022805368677074125,12,rolling_rankic
20230428,Composite_RollingRankIC,Holder_Concen,0.0,-0.021146619802411015,12,rolling_rankic
20230428,Composite_RollingRankIC,Main_Net_In,0.1310538328590359,0.023329422058875036,12,rolling_rankic
20230428,Composite_RollingRankIC,Momentum_60D,0.0,-0.06292806482667686,12,rolling_rankic
20230428,Composite_RollingRankIC,PE_TTM,0.1481417516541349,0.02637131149455026,12,rolling_rankic
20230428,Composite_RollingRankIC,ROE,0.0,-0.015698027817921015,12,rolling_rankic
20230428,Composite_RollingRankIC,Revenue_Growth,0.0,-0.014097773158605859,12,rolling_rankic
20230428,Composite_RollingRankIC,Turnover_20D,0.0,-0.08739080863866451,12,rolling_rankic
20230428,Composite_RollingRankIC,Volatility,0.4453454299400136,0.07927773854761695,12,rolling_rankic
20230531,Composite_Equal,Debt_to_Equity,0.09090909090909091,,0,equal
20230531,Composite_Equal,Dividend_Yield,0.09090909090909091,,0,equal
20230531,Composite_Equal,Gross_Margin,0.09090909090909091,,0,equal
20230531,Composite_Equal,Holder_Concen,0.09090909090909091,,0,equal
20230531,Composite_Equal,Main_Net_In,0.09090909090909091,,0,equal
20230531,Composite_Equal,Momentum_60D,0.09090909090909091,,0,equal
20230531,Composite_Equal,PE_TTM,0.09090909090909091,,0,equal
20230531,Composite_Equal,ROE,0.09090909090909091,,0,equal
20230531,Composite_Equal,Revenue_Growth,0.09090909090909091,,0,equal
20230531,Composite_Equal,Turnover_20D,0.09090909090909091,,0,equal
20230531,Composite_Equal,Volatility,0.09090909090909091,,0,equal
20230531,Composite_RollingRankIC,Debt_to_Equity,0.01697640376622409,0.003732856667121498,12,rolling_rankic
20230531,Composite_RollingRankIC,Dividend_Yield,0.267535573760551,0.05882706160601491,12,rolling_rankic
20230531,Composite_RollingRankIC,Gross_Margin,0.030444995233935485,0.006694398001158979,12,rolling_rankic
20230531,Composite_RollingRankIC,Holder_Concen,0.0,-0.015552898151159136,12,rolling_rankic
20230531,Composite_RollingRankIC,Main_Net_In,0.10024443860378941,0.02204224912042349,12,rolling_rankic
20230531,Composite_RollingRankIC,Momentum_60D,0.0,-0.04314559825626529,12,rolling_rankic
20230531,Composite_RollingRankIC,PE_TTM,0.16918168353420404,0.037200515729484136,12,rolling_rankic
20230531,Composite_RollingRankIC,ROE,0.0,-0.008436436768420997,12,rolling_rankic
20230531,Composite_RollingRankIC,Revenue_Growth,0.0,-0.017837447350123495,12,rolling_rankic
20230531,Composite_RollingRankIC,Turnover_20D,0.0,-0.08427352167182879,12,rolling_rankic
20230531,Composite_RollingRankIC,Volatility,0.415616905101296,0.09138792623809326,12,rolling_rankic
20230630,Composite_Equal,Debt_to_Equity,0.09090909090909091,,0,equal
20230630,Composite_Equal,Dividend_Yield,0.09090909090909091,,0,equal
20230630,Composite_Equal,Gross_Margin,0.09090909090909091,,0,equal
20230630,Composite_Equal,Holder_Concen,0.09090909090909091,,0,equal
20230630,Composite_Equal,Main_Net_In,0.09090909090909091,,0,equal
20230630,Composite_Equal,Momentum_60D,0.09090909090909091,,0,equal
20230630,Composite_Equal,PE_TTM,0.09090909090909091,,0,equal
20230630,Composite_Equal,ROE,0.09090909090909091,,0,equal
20230630,Composite_Equal,Revenue_Growth,0.09090909090909091,,0,equal
20230630,Composite_Equal,Turnover_20D,0.09090909090909091,,0,equal
20230630,Composite_Equal,Volatility,0.09090909090909091,,0,equal
20230630,Composite_RollingRankIC,Debt_to_Equity,0.019291415449816766,0.0042472263564877115,12,rolling_rankic
20230630,Composite_RollingRankIC,Dividend_Yield,0.2694185508338507,0.05931558381524169,12,rolling_rankic
20230630,Composite_RollingRankIC,Gross_Margin,0.00792387376524115,0.0017445316850264291,12,rolling_rankic
20230630,Composite_RollingRankIC,Holder_Concen,0.0,-0.017571723238906798,12,rolling_rankic
20230630,Composite_RollingRankIC,Main_Net_In,0.06642723033183846,0.014624716583797588,12,rolling_rankic
20230630,Composite_RollingRankIC,Momentum_60D,0.0,-0.030737264673726616,12,rolling_rankic
20230630,Composite_RollingRankIC,PE_TTM,0.18628226393467265,0.04101217679893244,12,rolling_rankic
20230630,Composite_RollingRankIC,ROE,0.0,-0.00618312491183567,12,rolling_rankic
20230630,Composite_RollingRankIC,Revenue_Growth,0.0,-0.019778750536923736,12,rolling_rankic
20230630,Composite_RollingRankIC,Turnover_20D,0.0,-0.08239399577362677,12,rolling_rankic
20230630,Composite_RollingRankIC,Volatility,0.45065666568458035,0.0992172333440987,12,rolling_rankic
20230731,Composite_Equal,Debt_to_Equity,0.09090909090909091,,0,equal
20230731,Composite_Equal,Dividend_Yield,0.09090909090909091,,0,equal
20230731,Composite_Equal,Gross_Margin,0.09090909090909091,,0,equal
20230731,Composite_Equal,Holder_Concen,0.09090909090909091,,0,equal
20230731,Composite_Equal,Main_Net_In,0.09090909090909091,,0,equal
20230731,Composite_Equal,Momentum_60D,0.09090909090909091,,0,equal
20230731,Composite_Equal,PE_TTM,0.09090909090909091,,0,equal
20230731,Composite_Equal,ROE,0.09090909090909091,,0,equal
20230731,Composite_Equal,Revenue_Growth,0.09090909090909091,,0,equal
20230731,Composite_Equal,Turnover_20D,0.09090909090909091,,0,equal
20230731,Composite_Equal,Volatility,0.09090909090909091,,0,equal
20230731,Composite_RollingRankIC,Debt_to_Equity,0.013407386699587203,0.003275771724743246,12,rolling_rankic
20230731,Composite_RollingRankIC,Dividend_Yield,0.2762773000905527,0.06750169798957925,12,rolling_rankic
20230731,Composite_RollingRankIC,Gross_Margin,0.0,-0.002482279850259096,12,rolling_rankic
20230731,Composite_RollingRankIC,Holder_Concen,0.0,-0.017446775054557148,12,rolling_rankic
20230731,Composite_RollingRankIC,Main_Net_In,0.054942040165117646,0.01342376301252961,12,rolling_rankic
20230731,Composite_RollingRankIC,Momentum_60D,0.0,-0.052867494518297135,12,rolling_rankic
20230731,Composite_RollingRankIC,PE_TTM,0.1555311312718877,0.038000282497518044,12,rolling_rankic
20230731,Composite_RollingRankIC,ROE,0.0,-0.011219438332847073,12,rolling_rankic
20230731,Composite_RollingRankIC,Revenue_Growth,0.0,-0.029516776544072938,12,rolling_rankic
20230731,Composite_RollingRankIC,Turnover_20D,0.0,-0.09801612965835409,12,rolling_rankic
20230731,Composite_RollingRankIC,Volatility,0.49984214177285485,0.12212437751982162,12,rolling_rankic
20230831,Composite_Equal,Debt_to_Equity,0.09090909090909091,,0,equal
20230831,Composite_Equal,Dividend_Yield,0.09090909090909091,,0,equal
20230831,Composite_Equal,Gross_Margin,0.09090909090909091,,0,equal
20230831,Composite_Equal,Holder_Concen,0.09090909090909091,,0,equal
20230831,Composite_Equal,Main_Net_In,0.09090909090909091,,0,equal
20230831,Composite_Equal,Momentum_60D,0.09090909090909091,,0,equal
20230831,Composite_Equal,PE_TTM,0.09090909090909091,,0,equal
20230831,Composite_Equal,ROE,0.09090909090909091,,0,equal
20230831,Composite_Equal,Revenue_Growth,0.09090909090909091,,0,equal
20230831,Composite_Equal,Turnover_20D,0.09090909090909091,,0,equal
20230831,Composite_Equal,Volatility,0.09090909090909091,,0,equal
20230831,Composite_RollingRankIC,Debt_to_Equity,0.033011028533653196,0.007987645663914252,12,rolling_rankic
20230831,Composite_RollingRankIC,Dividend_Yield,0.2658090094163324,0.06431754100994518,12,rolling_rankic
20230831,Composite_RollingRankIC,Gross_Margin,0.02482039112581078,0.00600576529600176,12,rolling_rankic
20230831,Composite_RollingRankIC,Holder_Concen,0.0,-0.0065640220688934735,12,rolling_rankic
20230831,Composite_RollingRankIC,Main_Net_In,0.04043970612606195,0.009785155374922765,12,rolling_rankic
20230831,Composite_RollingRankIC,Momentum_60D,0.0,-0.033709604794631434,12,rolling_rankic
20230831,Composite_RollingRankIC,PE_TTM,0.18258630406485177,0.044180225964996406,12,rolling_rankic
20230831,Composite_RollingRankIC,ROE,0.0,-0.003797235978364467,12,rolling_rankic
20230831,Composite_RollingRankIC,Revenue_Growth,0.0,-0.027962230473685564,12,rolling_rankic
20230831,Composite_RollingRankIC,Turnover_20D,0.0,-0.07752632687780622,12,rolling_rankic
20230831,Composite_RollingRankIC,Volatility,0.45333356073328984,0.10969266973934368,12,rolling_rankic
20230928,Composite_Equal,Debt_to_Equity,0.09090909090909091,,0,equal
20230928,Composite_Equal,Dividend_Yield,0.09090909090909091,,0,equal
20230928,Composite_Equal,Gross_Margin,0.09090909090909091,,0,equal
20230928,Composite_Equal,Holder_Concen,0.09090909090909091,,0,equal
20230928,Composite_Equal,Main_Net_In,0.09090909090909091,,0,equal
20230928,Composite_Equal,Momentum_60D,0.09090909090909091,,0,equal
20230928,Composite_Equal,PE_TTM,0.09090909090909091,,0,equal
20230928,Composite_Equal,ROE,0.09090909090909091,,0,equal
20230928,Composite_Equal,Revenue_Growth,0.09090909090909091,,0,equal
20230928,Composite_Equal,Turnover_20D,0.09090909090909091,,0,equal
20230928,Composite_Equal,Volatility,0.09090909090909091,,0,equal
20230928,Composite_RollingRankIC,Debt_to_Equity,0.01661310247878527,0.0035706561491205325,12,rolling_rankic
20230928,Composite_RollingRankIC,Dividend_Yield,0.2794634513376885,0.06006511380084661,12,rolling_rankic
20230928,Composite_RollingRankIC,Gross_Margin,0.009553482888082764,0.0020533312464310247,12,rolling_rankic
20230928,Composite_RollingRankIC,Holder_Concen,0.0,-0.015082461235559638,12,rolling_rankic
20230928,Composite_RollingRankIC,Main_Net_In,0.021533799711933,0.004628262207708094,12,rolling_rankic
20230928,Composite_RollingRankIC,Momentum_60D,0.0,-0.034870797654918094,12,rolling_rankic
20230928,Composite_RollingRankIC,PE_TTM,0.19523291392680367,0.04196143408575621,12,rolling_rankic
20230928,Composite_RollingRankIC,ROE,0.0,-0.007111637175179087,12,rolling_rankic
20230928,Composite_RollingRankIC,Revenue_Growth,0.0,-0.027855153305554315,12,rolling_rankic
20230928,Composite_RollingRankIC,Turnover_20D,0.0,-0.07286541415498864,12,rolling_rankic
20230928,Composite_RollingRankIC,Volatility,0.47760324965670675,0.10265132490480866,12,rolling_rankic
20231031,Composite_Equal,Debt_to_Equity,0.09090909090909091,,0,equal
20231031,Composite_Equal,Dividend_Yield,0.09090909090909091,,0,equal
20231031,Composite_Equal,Gross_Margin,0.09090909090909091,,0,equal
20231031,Composite_Equal,Holder_Concen,0.09090909090909091,,0,equal
20231031,Composite_Equal,Main_Net_In,0.09090909090909091,,0,equal
20231031,Composite_Equal,Momentum_60D,0.09090909090909091,,0,equal
20231031,Composite_Equal,PE_TTM,0.09090909090909091,,0,equal
20231031,Composite_Equal,ROE,0.09090909090909091,,0,equal
20231031,Composite_Equal,Revenue_Growth,0.09090909090909091,,0,equal
20231031,Composite_Equal,Turnover_20D,0.09090909090909091,,0,equal
20231031,Composite_Equal,Volatility,0.09090909090909091,,0,equal
20231031,Composite_RollingRankIC,Debt_to_Equity,0.0,-0.00024023423384598544,12,rolling_rankic
20231031,Composite_RollingRankIC,Dividend_Yield,0.27469917466004085,0.05534187315663907,12,rolling_rankic
20231031,Composite_RollingRankIC,Gross_Margin,0.0,-0.009867343870190575,12,rolling_rankic
20231031,Composite_RollingRankIC,Holder_Concen,0.0,-0.019670682766346384,12,rolling_rankic
20231031,Composite_RollingRankIC,Main_Net_In,0.01337556393872587,0.0026946887037850287,12,rolling_rankic
20231031,Composite_RollingRankIC,Momentum_60D,0.0,-0.025846739728058243,12,rolling_rankic
20231031,Composite_RollingRankIC,PE_TTM,0.14548690815805224,0.029310310186402386,12,rolling_rankic
20231031,Composite_RollingRankIC,ROE,0.0,-0.02121660956874812,12,rolling_rankic
20231031,Composite_RollingRankIC,Revenue_Growth,0.0,-0.03516739544893955,12,rolling_rankic
20231031,Composite_RollingRankIC,Turnover_20D,0.0,-0.0772928636653424,12,rolling_rankic
20231031,Composite_RollingRankIC,Volatility,0.566438353243181,0.114116686135059,12,rolling_rankic
20231130,Composite_Equal,Debt_to_Equity,0.09090909090909091,,0,equal
20231130,Composite_Equal,Dividend_Yield,0.09090909090909091,,0,equal
20231130,Composite_Equal,Gross_Margin,0.09090909090909091,,0,equal
20231130,Composite_Equal,Holder_Concen,0.09090909090909091,,0,equal
20231130,Composite_Equal,Main_Net_In,0.09090909090909091,,0,equal
20231130,Composite_Equal,Momentum_60D,0.09090909090909091,,0,equal
20231130,Composite_Equal,PE_TTM,0.09090909090909091,,0,equal
20231130,Composite_Equal,ROE,0.09090909090909091,,0,equal
20231130,Composite_Equal,Revenue_Growth,0.09090909090909091,,0,equal
20231130,Composite_Equal,Turnover_20D,0.09090909090909091,,0,equal
20231130,Composite_Equal,Volatility,0.09090909090909091,,0,equal
20231130,Composite_RollingRankIC,Debt_to_Equity,0.04404391002799911,0.009499473362426061,12,rolling_rankic
20231130,Composite_RollingRankIC,Dividend_Yield,0.25114939759493665,0.05416837449095201,12,rolling_rankic
20231130,Composite_RollingRankIC,Gross_Margin,0.0121328501360625,0.0026168359395104582,12,rolling_rankic
20231130,Composite_RollingRankIC,Holder_Concen,0.0,-0.014032142047029973,12,rolling_rankic
20231130,Composite_RollingRankIC,Main_Net_In,0.0,-0.00440221687767479,12,rolling_rankic
20231130,Composite_RollingRankIC,Momentum_60D,0.0,-0.018673864046873715,12,rolling_rankic
20231130,Composite_RollingRankIC,PE_TTM,0.19139724991024068,0.041280918883180584,12,rolling_rankic
20231130,Composite_RollingRankIC,ROE,0.0,-0.012169084959973523,12,rolling_rankic
20231130,Composite_RollingRankIC,Revenue_Growth,0.0,-0.027544287541977224,12,rolling_rankic
20231130,Composite_RollingRankIC,Turnover_20D,0.0,-0.0846842485606331,12,rolling_rankic
20231130,Composite_RollingRankIC,Volatility,0.501276592330761,0.10811627834646409,12,rolling_rankic
20231229,Composite_Equal,Debt_to_Equity,0.09090909090909091,,0,equal
20231229,Composite_Equal,Dividend_Yield,0.09090909090909091,,0,equal
20231229,Composite_Equal,Gross_Margin,0.09090909090909091,,0,equal
20231229,Composite_Equal,Holder_Concen,0.09090909090909091,,0,equal
20231229,Composite_Equal,Main_Net_In,0.09090909090909091,,0,equal
20231229,Composite_Equal,Momentum_60D,0.09090909090909091,,0,equal
20231229,Composite_Equal,PE_TTM,0.09090909090909091,,0,equal
20231229,Composite_Equal,ROE,0.09090909090909091,,0,equal
20231229,Composite_Equal,Revenue_Growth,0.09090909090909091,,0,equal
20231229,Composite_Equal,Turnover_20D,0.09090909090909091,,0,equal
20231229,Composite_Equal,Volatility,0.09090909090909091,,0,equal
20231229,Composite_RollingRankIC,Debt_to_Equity,0.03837797029949328,0.009717717397402974,12,rolling_rankic
20231229,Composite_RollingRankIC,Dividend_Yield,0.25636024699710674,0.0649131888113218,12,rolling_rankic
20231229,Composite_RollingRankIC,Gross_Margin,0.0198712620897252,0.005031618603348244,12,rolling_rankic
20231229,Composite_RollingRankIC,Holder_Concen,0.0,-0.006588968548150084,12,rolling_rankic
20231229,Composite_RollingRankIC,Main_Net_In,0.0,-0.0014969209291549573,12,rolling_rankic
20231229,Composite_RollingRankIC,Momentum_60D,0.0,-0.009411710741270509,12,rolling_rankic
20231229,Composite_RollingRankIC,PE_TTM,0.22447639822122445,0.05683985326158723,12,rolling_rankic
20231229,Composite_RollingRankIC,ROE,0.01392544870648584,0.0035260743104865793,12,rolling_rankic
20231229,Composite_RollingRankIC,Revenue_Growth,0.0,-0.021223878374458188,12,rolling_rankic
20231229,Composite_RollingRankIC,Turnover_20D,0.0,-0.08376727943558333,12,rolling_rankic
20231229,Composite_RollingRankIC,Volatility,0.44698867368596457,0.11318236938594771,12,rolling_rankic
20240131,Composite_Equal,Debt_to_Equity,0.09090909090909091,,0,equal
20240131,Composite_Equal,Dividend_Yield,0.09090909090909091,,0,equal
20240131,Composite_Equal,Gross_Margin,0.09090909090909091,,0,equal
20240131,Composite_Equal,Holder_Concen,0.09090909090909091,,0,equal
20240131,Composite_Equal,Main_Net_In,0.09090909090909091,,0,equal
20240131,Composite_Equal,Momentum_60D,0.09090909090909091,,0,equal
20240131,Composite_Equal,PE_TTM,0.09090909090909091,,0,equal
20240131,Composite_Equal,ROE,0.09090909090909091,,0,equal
20240131,Composite_Equal,Revenue_Growth,0.09090909090909091,,0,equal
20240131,Composite_Equal,Turnover_20D,0.09090909090909091,,0,equal
20240131,Composite_Equal,Volatility,0.09090909090909091,,0,equal
20240131,Composite_RollingRankIC,Debt_to_Equity,0.031636598415420214,0.008538678419926853,12,rolling_rankic
20240131,Composite_RollingRankIC,Dividend_Yield,0.2629943138485185,0.07098183700834473,12,rolling_rankic
20240131,Composite_RollingRankIC,Gross_Margin,0.0,-0.007769746670372043,12,rolling_rankic
20240131,Composite_RollingRankIC,Holder_Concen,0.0,-0.00794516843704006,12,rolling_rankic
20240131,Composite_RollingRankIC,Main_Net_In,0.005811351834706985,0.001568476605798069,12,rolling_rankic
20240131,Composite_RollingRankIC,Momentum_60D,0.022343941740277186,0.0060306019834551645,12,rolling_rankic
20240131,Composite_RollingRankIC,PE_TTM,0.17728668327303143,0.04784945450601894,12,rolling_rankic
20240131,Composite_RollingRankIC,ROE,0.01449356719666181,0.003911795693862435,12,rolling_rankic
20240131,Composite_RollingRankIC,Revenue_Growth,0.0,-0.021666829462115688,12,rolling_rankic
20240131,Composite_RollingRankIC,Turnover_20D,0.0,-0.07621136216225606,12,rolling_rankic
20240131,Composite_RollingRankIC,Volatility,0.48543354369138375,0.13101790746902528,12,rolling_rankic
20240229,Composite_Equal,Debt_to_Equity,0.09090909090909091,,0,equal
20240229,Composite_Equal,Dividend_Yield,0.09090909090909091,,0,equal
20240229,Composite_Equal,Gross_Margin,0.09090909090909091,,0,equal
20240229,Composite_Equal,Holder_Concen,0.09090909090909091,,0,equal
20240229,Composite_Equal,Main_Net_In,0.09090909090909091,,0,equal
20240229,Composite_Equal,Momentum_60D,0.09090909090909091,,0,equal
20240229,Composite_Equal,PE_TTM,0.09090909090909091,,0,equal
20240229,Composite_Equal,ROE,0.09090909090909091,,0,equal
20240229,Composite_Equal,Revenue_Growth,0.09090909090909091,,0,equal
20240229,Composite_Equal,Turnover_20D,0.09090909090909091,,0,equal
20240229,Composite_Equal,Volatility,0.09090909090909091,,0,equal
20240229,Composite_RollingRankIC,Debt_to_Equity,0.03163748325454398,0.007167348088407283,12,rolling_rankic
20240229,Composite_RollingRankIC,Dividend_Yield,0.25802101253576426,0.058453651198740963,12,rolling_rankic
20240229,Composite_RollingRankIC,Gross_Margin,0.0,-0.0005086235949784794,12,rolling_rankic
20240229,Composite_RollingRankIC,Holder_Concen,0.0,-0.007373052509411331,12,rolling_rankic
20240229,Composite_RollingRankIC,Main_Net_In,0.028113341906871828,0.006368967649979482,12,rolling_rankic
20240229,Composite_RollingRankIC,Momentum_60D,0.025387058461478703,0.0057513387986710155,12,rolling_rankic
20240229,Composite_RollingRankIC,PE_TTM,0.19030854874042127,0.04311365736799925,12,rolling_rankic
20240229,Composite_RollingRankIC,ROE,0.0681579429446671,0.015440915389629458,12,rolling_rankic
20240229,Composite_RollingRankIC,Revenue_Growth,0.0,-0.009155243134663623,12,rolling_rankic
20240229,Composite_RollingRankIC,Turnover_20D,0.0,-0.05377840520742602,12,rolling_rankic
20240229,Composite_RollingRankIC,Volatility,0.39837461215625286,0.09025021023118257,12,rolling_rankic
20240329,Composite_Equal,Debt_to_Equity,0.09090909090909091,,0,equal
20240329,Composite_Equal,Dividend_Yield,0.09090909090909091,,0,equal
20240329,Composite_Equal,Gross_Margin,0.09090909090909091,,0,equal
20240329,Composite_Equal,Holder_Concen,0.09090909090909091,,0,equal
20240329,Composite_Equal,Main_Net_In,0.09090909090909091,,0,equal
20240329,Composite_Equal,Momentum_60D,0.09090909090909091,,0,equal
20240329,Composite_Equal,PE_TTM,0.09090909090909091,,0,equal
20240329,Composite_Equal,ROE,0.09090909090909091,,0,equal
20240329,Composite_Equal,Revenue_Growth,0.09090909090909091,,0,equal
20240329,Composite_Equal,Turnover_20D,0.09090909090909091,,0,equal
20240329,Composite_Equal,Volatility,0.09090909090909091,,0,equal
20240329,Composite_RollingRankIC,Debt_to_Equity,0.0,-0.000999526540320523,12,rolling_rankic
20240329,Composite_RollingRankIC,Dividend_Yield,0.23501021747681858,0.04449185273176187,12,rolling_rankic
20240329,Composite_RollingRankIC,Gross_Margin,0.0,-0.006365226786480462,12,rolling_rankic
20240329,Composite_RollingRankIC,Holder_Concen,0.0,-0.010098155256160436,12,rolling_rankic
20240329,Composite_RollingRankIC,Main_Net_In,0.08691567824161793,0.01645477204321429,12,rolling_rankic
20240329,Composite_RollingRankIC,Momentum_60D,0.0,-0.010096620535421789,12,rolling_rankic
20240329,Composite_RollingRankIC,PE_TTM,0.18580395003587905,0.035176181149619186,12,rolling_rankic
20240329,Composite_RollingRankIC,ROE,0.0753883980045139,0.014272441163249161,12,rolling_rankic
20240329,Composite_RollingRankIC,Revenue_Growth,0.0,-0.0017987228108289673,12,rolling_rankic
20240329,Composite_RollingRankIC,Turnover_20D,0.0,-0.04151301298614402,12,rolling_rankic
20240329,Composite_RollingRankIC,Volatility,0.4168817562411706,0.07892355449213595,12,rolling_rankic
20240430,Composite_Equal,Debt_to_Equity,0.09090909090909091,,0,equal
20240430,Composite_Equal,Dividend_Yield,0.09090909090909091,,0,equal
20240430,Composite_Equal,Gross_Margin,0.09090909090909091,,0,equal
20240430,Composite_Equal,Holder_Concen,0.09090909090909091,,0,equal
20240430,Composite_Equal,Main_Net_In,0.09090909090909091,,0,equal
20240430,Composite_Equal,Momentum_60D,0.09090909090909091,,0,equal
20240430,Composite_Equal,PE_TTM,0.09090909090909091,,0,equal
20240430,Composite_Equal,ROE,0.09090909090909091,,0,equal
20240430,Composite_Equal,Revenue_Growth,0.09090909090909091,,0,equal
20240430,Composite_Equal,Turnover_20D,0.09090909090909091,,0,equal
20240430,Composite_Equal,Volatility,0.09090909090909091,,0,equal
20240430,Composite_RollingRankIC,Debt_to_Equity,0.0,-0.0005714343620481418,12,rolling_rankic
20240430,Composite_RollingRankIC,Dividend_Yield,0.2075913519832005,0.04269180776055021,12,rolling_rankic
20240430,Composite_RollingRankIC,Gross_Margin,0.0,-0.0023948277237747645,12,rolling_rankic
20240430,Composite_RollingRankIC,Holder_Concen,0.0,-0.006078493212461111,12,rolling_rankic
20240430,Composite_RollingRankIC,Main_Net_In,0.06993038916929689,0.014381402223719251,12,rolling_rankic
20240430,Composite_RollingRankIC,Momentum_60D,0.0,-0.010826202187998533,12,rolling_rankic
20240430,Composite_RollingRankIC,PE_TTM,0.19071989021593685,0.03922213912779435,12,rolling_rankic
20240430,Composite_RollingRankIC,ROE,0.1372534031697537,0.02822658962729146,12,rolling_rankic
20240430,Composite_RollingRankIC,Revenue_Growth,0.01232863625680359,0.0025354224248599817,12,rolling_rankic
20240430,Composite_RollingRankIC,Turnover_20D,0.0,-0.04805550081052998,12,rolling_rankic
20240430,Composite_RollingRankIC,Volatility,0.3821763292050084,0.0785957518036365,12,rolling_rankic
20240531,Composite_Equal,Debt_to_Equity,0.09090909090909091,,0,equal
20240531,Composite_Equal,Dividend_Yield,0.09090909090909091,,0,equal
20240531,Composite_Equal,Gross_Margin,0.09090909090909091,,0,equal
20240531,Composite_Equal,Holder_Concen,0.09090909090909091,,0,equal
20240531,Composite_Equal,Main_Net_In,0.09090909090909091,,0,equal
20240531,Composite_Equal,Momentum_60D,0.09090909090909091,,0,equal
20240531,Composite_Equal,PE_TTM,0.09090909090909091,,0,equal
20240531,Composite_Equal,ROE,0.09090909090909091,,0,equal
20240531,Composite_Equal,Revenue_Growth,0.09090909090909091,,0,equal
20240531,Composite_Equal,Turnover_20D,0.09090909090909091,,0,equal
20240531,Composite_Equal,Volatility,0.09090909090909091,,0,equal
20240531,Composite_RollingRankIC,Debt_to_Equity,0.0,-0.003081799775058853,12,rolling_rankic
20240531,Composite_RollingRankIC,Dividend_Yield,0.19949883393230614,0.04668696735568839,12,rolling_rankic
20240531,Composite_RollingRankIC,Gross_Margin,0.0002984300231963514,6.983896836035171e-05,12,rolling_rankic
20240531,Composite_RollingRankIC,Holder_Concen,0.0,-0.005113877669987727,12,rolling_rankic
20240531,Composite_RollingRankIC,Main_Net_In,0.06808174223032595,0.015932574714216913,12,rolling_rankic
20240531,Composite_RollingRankIC,Momentum_60D,0.0,-0.006303005804093195,12,rolling_rankic
20240531,Composite_RollingRankIC,PE_TTM,0.16556325878413355,0.038745321492851696,12,rolling_rankic
20240531,Composite_RollingRankIC,ROE,0.162969793885849,0.03813839558427511,12,rolling_rankic
20240531,Composite_RollingRankIC,Revenue_Growth,0.046063843892579295,0.010779918527343925,12,rolling_rankic
20240531,Composite_RollingRankIC,Turnover_20D,0.0,-0.05141778370667893,12,rolling_rankic
20240531,Composite_RollingRankIC,Volatility,0.3575240972516097,0.0836682376946709,12,rolling_rankic
20240628,Composite_Equal,Debt_to_Equity,0.09090909090909091,,0,equal
20240628,Composite_Equal,Dividend_Yield,0.09090909090909091,,0,equal
20240628,Composite_Equal,Gross_Margin,0.09090909090909091,,0,equal
20240628,Composite_Equal,Holder_Concen,0.09090909090909091,,0,equal
20240628,Composite_Equal,Main_Net_In,0.09090909090909091,,0,equal
20240628,Composite_Equal,Momentum_60D,0.09090909090909091,,0,equal
20240628,Composite_Equal,PE_TTM,0.09090909090909091,,0,equal
20240628,Composite_Equal,ROE,0.09090909090909091,,0,equal
20240628,Composite_Equal,Revenue_Growth,0.09090909090909091,,0,equal
20240628,Composite_Equal,Turnover_20D,0.09090909090909091,,0,equal
20240628,Composite_Equal,Volatility,0.09090909090909091,,0,equal
20240628,Composite_RollingRankIC,Debt_to_Equity,0.023485187016970034,0.007376461136461794,12,rolling_rankic
20240628,Composite_RollingRankIC,Dividend_Yield,0.19531098021341667,0.06134521534904091,12,rolling_rankic
20240628,Composite_RollingRankIC,Gross_Margin,0.029654107073724723,0.009314056907775413,12,rolling_rankic
20240628,Composite_RollingRankIC,Holder_Concen,0.005952380770908721,0.0018695829585816705,12,rolling_rankic
20240628,Composite_RollingRankIC,Main_Net_In,0.07351117001308087,0.02308911946519751,12,rolling_rankic
20240628,Composite_RollingRankIC,Momentum_60D,0.03224928378536487,0.01012917582259741,12,rolling_rankic
20240628,Composite_RollingRankIC,PE_TTM,0.1480120485032151,0.04648909641311958,12,rolling_rankic
20240628,Composite_RollingRankIC,ROE,0.15220057805967271,0.047804671437913115,12,rolling_rankic
20240628,Composite_RollingRankIC,Revenue_Growth,0.04344341802078391,0.013645140847029148,12,rolling_rankic
20240628,Composite_RollingRankIC,Turnover_20D,0.0,-0.05176902313042244,12,rolling_rankic
20240628,Composite_RollingRankIC,Volatility,0.2961808465428624,0.09302742627976947,12,rolling_rankic
20240731,Composite_Equal,Debt_to_Equity,0.09090909090909091,,0,equal
20240731,Composite_Equal,Dividend_Yield,0.09090909090909091,,0,equal
20240731,Composite_Equal,Gross_Margin,0.09090909090909091,,0,equal
20240731,Composite_Equal,Holder_Concen,0.09090909090909091,,0,equal
20240731,Composite_Equal,Main_Net_In,0.09090909090909091,,0,equal
20240731,Composite_Equal,Momentum_60D,0.09090909090909091,,0,equal
20240731,Composite_Equal,PE_TTM,0.09090909090909091,,0,equal
20240731,Composite_Equal,ROE,0.09090909090909091,,0,equal
20240731,Composite_Equal,Revenue_Growth,0.09090909090909091,,0,equal
20240731,Composite_Equal,Turnover_20D,0.09090909090909091,,0,equal
20240731,Composite_Equal,Volatility,0.09090909090909091,,0,equal
20240731,Composite_RollingRankIC,Debt_to_Equity,0.027925760170853912,0.007554097329241459,12,rolling_rankic
20240731,Composite_RollingRankIC,Dividend_Yield,0.190284130609946,0.05147307840657691,12,rolling_rankic
20240731,Composite_RollingRankIC,Gross_Margin,0.03842861863908803,0.010395187943028763,12,rolling_rankic
20240731,Composite_RollingRankIC,Holder_Concen,0.0,-0.00019270454896789385,12,rolling_rankic
20240731,Composite_RollingRankIC,Main_Net_In,0.08595881388666582,0.02325241076458655,12,rolling_rankic
20240731,Composite_RollingRankIC,Momentum_60D,0.04307170133678897,0.011651171607987574,12,rolling_rankic
20240731,Composite_RollingRankIC,PE_TTM,0.15539396872103128,0.04203506572118065,12,rolling_rankic
20240731,Composite_RollingRankIC,ROE,0.15203603091053616,0.04112672199514326,12,rolling_rankic
20240731,Composite_RollingRankIC,Revenue_Growth,0.05130885592626433,0.013879374783271168,12,rolling_rankic
20240731,Composite_RollingRankIC,Turnover_20D,0.0,-0.041629023684589046,12,rolling_rankic
20240731,Composite_RollingRankIC,Volatility,0.2555921197988256,0.06913930857153933,12,rolling_rankic
20240830,Composite_Equal,Debt_to_Equity,0.09090909090909091,,0,equal
20240830,Composite_Equal,Dividend_Yield,0.09090909090909091,,0,equal
20240830,Composite_Equal,Gross_Margin,0.09090909090909091,,0,equal
20240830,Composite_Equal,Holder_Concen,0.09090909090909091,,0,equal
20240830,Composite_Equal,Main_Net_In,0.09090909090909091,,0,equal
20240830,Composite_Equal,Momentum_60D,0.09090909090909091,,0,equal
20240830,Composite_Equal,PE_TTM,0.09090909090909091,,0,equal
20240830,Composite_Equal,ROE,0.09090909090909091,,0,equal
20240830,Composite_Equal,Revenue_Growth,0.09090909090909091,,0,equal
20240830,Composite_Equal,Turnover_20D,0.09090909090909091,,0,equal
20240830,Composite_Equal,Volatility,0.09090909090909091,,0,equal
20240830,Composite_RollingRankIC,Debt_to_Equity,0.0,-0.001277301442232128,12,rolling_rankic
20240830,Composite_RollingRankIC,Dividend_Yield,0.2174263422332945,0.05329905940945848,12,rolling_rankic
20240830,Composite_RollingRankIC,Gross_Margin,0.004591787627280851,0.0011256132032035893,12,rolling_rankic
20240830,Composite_RollingRankIC,Holder_Concen,0.0,-0.011561441869197017,12,rolling_rankic
20240830,Composite_RollingRankIC,Main_Net_In,0.11572209131167925,0.02836766951260188,12,rolling_rankic
20240830,Composite_RollingRankIC,Momentum_60D,0.0,-5.309035613610078e-05,12,rolling_rankic
20240830,Composite_RollingRankIC,PE_TTM,0.16449426029586214,0.04032349190981116,12,rolling_rankic
20240830,Composite_RollingRankIC,ROE,0.13831490101623262,0.033905984209436184,12,rolling_rankic
20240830,Composite_RollingRankIC,Revenue_Growth,0.04122810768815491,0.010106500152832123,12,rolling_rankic
20240830,Composite_RollingRankIC,Turnover_20D,0.0,-0.060434109043036865,12,rolling_rankic
20240830,Composite_RollingRankIC,Volatility,0.3182225098274957,0.0780078452431669,12,rolling_rankic
20240930,Composite_Equal,Debt_to_Equity,0.09090909090909091,,0,equal
20240930,Composite_Equal,Dividend_Yield,0.09090909090909091,,0,equal
20240930,Composite_Equal,Gross_Margin,0.09090909090909091,,0,equal
20240930,Composite_Equal,Holder_Concen,0.09090909090909091,,0,equal
20240930,Composite_Equal,Main_Net_In,0.09090909090909091,,0,equal
20240930,Composite_Equal,Momentum_60D,0.09090909090909091,,0,equal
20240930,Composite_Equal,PE_TTM,0.09090909090909091,,0,equal
20240930,Composite_Equal,ROE,0.09090909090909091,,0,equal
20240930,Composite_Equal,Revenue_Growth,0.09090909090909091,,0,equal
20240930,Composite_Equal,Turnover_20D,0.09090909090909091,,0,equal
20240930,Composite_Equal,Volatility,0.09090909090909091,,0,equal
20240930,Composite_RollingRankIC,Debt_to_Equity,0.03524195234941186,0.007933086802937729,12,rolling_rankic
20240930,Composite_RollingRankIC,Dividend_Yield,0.19145741652310316,0.04309773446388901,12,rolling_rankic
20240930,Composite_RollingRankIC,Gross_Margin,0.045764976713343244,0.010301856412544486,12,rolling_rankic
20240930,Composite_RollingRankIC,Holder_Concen,0.0,-0.0012309043581334603,12,rolling_rankic
20240930,Composite_RollingRankIC,Main_Net_In,0.12706367302072508,0.028602477455830597,12,rolling_rankic
20240930,Composite_RollingRankIC,Momentum_60D,0.0,-0.016089040178841538,12,rolling_rankic
20240930,Composite_RollingRankIC,PE_TTM,0.2009686976116347,0.045238757121611316,12,rolling_rankic
20240930,Composite_RollingRankIC,ROE,0.14364619869149353,0.032335262014809345,12,rolling_rankic
20240930,Composite_RollingRankIC,Revenue_Growth,0.054206297615646215,0.012202027288024933,12,rolling_rankic
20240930,Composite_RollingRankIC,Turnover_20D,0.0,-0.05447706704890412,12,rolling_rankic
20240930,Composite_RollingRankIC,Volatility,0.20165078747464218,0.04539229793674532,12,rolling_rankic
20241031,Composite_Equal,Debt_to_Equity,0.09090909090909091,,0,equal
20241031,Composite_Equal,Dividend_Yield,0.09090909090909091,,0,equal
20241031,Composite_Equal,Gross_Margin,0.09090909090909091,,0,equal
20241031,Composite_Equal,Holder_Concen,0.09090909090909091,,0,equal
20241031,Composite_Equal,Main_Net_In,0.09090909090909091,,0,equal
20241031,Composite_Equal,Momentum_60D,0.09090909090909091,,0,equal
20241031,Composite_Equal,PE_TTM,0.09090909090909091,,0,equal
20241031,Composite_Equal,ROE,0.09090909090909091,,0,equal
20241031,Composite_Equal,Revenue_Growth,0.09090909090909091,,0,equal
20241031,Composite_Equal,Turnover_20D,0.09090909090909091,,0,equal
20241031,Composite_Equal,Volatility,0.09090909090909091,,0,equal
20241031,Composite_RollingRankIC,Debt_to_Equity,0.00017144009005454786,3.933845404926218e-05,12,rolling_rankic
20241031,Composite_RollingRankIC,Dividend_Yield,0.2151183296328083,0.04936081474713259,12,rolling_rankic
20241031,Composite_RollingRankIC,Gross_Margin,0.019913211583102528,0.0045692635753158475,12,rolling_rankic
20241031,Composite_RollingRankIC,Holder_Concen,0.005594102209130224,0.001283616525345541,12,rolling_rankic
20241031,Composite_RollingRankIC,Main_Net_In,0.0956833662421862,0.021955399725929598,12,rolling_rankic
20241031,Composite_RollingRankIC,Momentum_60D,0.0,-0.012497856691942326,12,rolling_rankic
20241031,Composite_RollingRankIC,PE_TTM,0.2425568448465599,0.0556568261968041,12,rolling_rankic
20241031,Composite_RollingRankIC,ROE,0.17921090152312344,0.041121535881433274,12,rolling_rankic
20241031,Composite_RollingRankIC,Revenue_Growth,0.0626993080799514,0.014386914105323473,12,rolling_rankic
20241031,Composite_RollingRankIC,Turnover_20D,0.0,-0.05603394460724292,12,rolling_rankic
20241031,Composite_RollingRankIC,Volatility,0.17905249579308347,0.04108518827726242,12,rolling_rankic
20241129,Composite_Equal,Debt_to_Equity,0.09090909090909091,,0,equal
20241129,Composite_Equal,Dividend_Yield,0.09090909090909091,,0,equal
20241129,Composite_Equal,Gross_Margin,0.09090909090909091,,0,equal
20241129,Composite_Equal,Holder_Concen,0.09090909090909091,,0,equal
20241129,Composite_Equal,Main_Net_In,0.09090909090909091,,0,equal
20241129,Composite_Equal,Momentum_60D,0.09090909090909091,,0,equal
20241129,Composite_Equal,PE_TTM,0.09090909090909091,,0,equal
20241129,Composite_Equal,ROE,0.09090909090909091,,0,equal
20241129,Composite_Equal,Revenue_Growth,0.09090909090909091,,0,equal
20241129,Composite_Equal,Turnover_20D,0.09090909090909091,,0,equal
20241129,Composite_Equal,Volatility,0.09090909090909091,,0,equal
20241129,Composite_RollingRankIC,Debt_to_Equity,0.0,-0.0015993209824367,12,rolling_rankic
20241129,Composite_RollingRankIC,Dividend_Yield,0.21234801398374675,0.04586785304785885,12,rolling_rankic
20241129,Composite_RollingRankIC,Gross_Margin,0.006995202876719676,0.0015109862888281875,12,rolling_rankic
20241129,Composite_RollingRankIC,Holder_Concen,0.0030999900364142114,0.0006696078045305239,12,rolling_rankic
20241129,Composite_RollingRankIC,Main_Net_In,0.10121643878794209,0.021863075868975512,12,rolling_rankic
20241129,Composite_RollingRankIC,Momentum_60D,0.0,-0.016644714171095865,12,rolling_rankic
20241129,Composite_RollingRankIC,PE_TTM,0.23798286088841533,0.05140506231423652,12,rolling_rankic
20241129,Composite_RollingRankIC,ROE,0.1721172035859932,0.03717786878710813,12,rolling_rankic
20241129,Composite_RollingRankIC,Revenue_Growth,0.059821842315900216,0.012921710078286464,12,rolling_rankic
20241129,Composite_RollingRankIC,Turnover_20D,0.0,-0.054036819496919436,12,rolling_rankic
20241129,Composite_RollingRankIC,Volatility,0.20641844752486851,0.044587047647935696,12,rolling_rankic
20241231,Composite_Equal,Debt_to_Equity,0.09090909090909091,,0,equal
20241231,Composite_Equal,Dividend_Yield,0.09090909090909091,,0,equal
20241231,Composite_Equal,Gross_Margin,0.09090909090909091,,0,equal
20241231,Composite_Equal,Holder_Concen,0.09090909090909091,,0,equal
20241231,Composite_Equal,Main_Net_In,0.09090909090909091,,0,equal
20241231,Composite_Equal,Momentum_60D,0.09090909090909091,,0,equal
20241231,Composite_Equal,PE_TTM,0.09090909090909091,,0,equal
20241231,Composite_Equal,ROE,0.09090909090909091,,0,equal
20241231,Composite_Equal,Revenue_Growth,0.09090909090909091,,0,equal
20241231,Composite_Equal,Turnover_20D,0.09090909090909091,,0,equal
20241231,Composite_Equal,Volatility,0.09090909090909091,,0,equal
20241231,Composite_RollingRankIC,Debt_to_Equity,0.006245334698700613,0.0014623243160690356,12,rolling_rankic
20241231,Composite_RollingRankIC,Dividend_Yield,0.20716561480849585,0.04850713862475369,12,rolling_rankic
20241231,Composite_RollingRankIC,Gross_Margin,0.013635091727055107,0.003192611308478449,12,rolling_rankic
20241231,Composite_RollingRankIC,Holder_Concen,0.0,-0.001719040452142006,12,rolling_rankic
20241231,Composite_RollingRankIC,Main_Net_In,0.06547325980388631,0.015330345687229283,12,rolling_rankic
20241231,Composite_RollingRankIC,Momentum_60D,0.0,-0.054083707457342624,12,rolling_rankic
20241231,Composite_RollingRankIC,PE_TTM,0.19609646765857677,0.04591533469167695,12,rolling_rankic
20241231,Composite_RollingRankIC,ROE,0.17591147721725706,0.041189086417408455,12,rolling_rankic
20241231,Composite_RollingRankIC,Revenue_Growth,0.0808242722813017,0.018924734123556674,12,rolling_rankic
20241231,Composite_RollingRankIC,Turnover_20D,0.0,-0.06827449063150527,12,rolling_rankic
20241231,Composite_RollingRankIC,Volatility,0.2546484818047266,0.059625093763284,12,rolling_rankic
20250127,Composite_Equal,Debt_to_Equity,0.09090909090909091,,0,equal
20250127,Composite_Equal,Dividend_Yield,0.09090909090909091,,0,equal
20250127,Composite_Equal,Gross_Margin,0.09090909090909091,,0,equal
20250127,Composite_Equal,Holder_Concen,0.09090909090909091,,0,equal
20250127,Composite_Equal,Main_Net_In,0.09090909090909091,,0,equal
20250127,Composite_Equal,Momentum_60D,0.09090909090909091,,0,equal
20250127,Composite_Equal,PE_TTM,0.09090909090909091,,0,equal
20250127,Composite_Equal,ROE,0.09090909090909091,,0,equal
20250127,Composite_Equal,Revenue_Growth,0.09090909090909091,,0,equal
20250127,Composite_Equal,Turnover_20D,0.09090909090909091,,0,equal
20250127,Composite_Equal,Volatility,0.09090909090909091,,0,equal
20250127,Composite_RollingRankIC,Debt_to_Equity,0.02616423322199355,0.0066059123117575905,12,rolling_rankic
20250127,Composite_RollingRankIC,Dividend_Yield,0.16009072977053546,0.04041950374836398,12,rolling_rankic
20250127,Composite_RollingRankIC,Gross_Margin,0.06703461443880451,0.01692481415671624,12,rolling_rankic
20250127,Composite_RollingRankIC,Holder_Concen,0.0,-0.00047793659136753484,12,rolling_rankic
20250127,Composite_RollingRankIC,Main_Net_In,0.02990852365789747,0.007551265996670557,12,rolling_rankic
20250127,Composite_RollingRankIC,Momentum_60D,0.0,-0.06300831571414085,12,rolling_rankic
20250127,Composite_RollingRankIC,PE_TTM,0.23987105334224829,0.0605623383289459,12,rolling_rankic
20250127,Composite_RollingRankIC,ROE,0.17641225555433848,0.04454034181027444,12,rolling_rankic
20250127,Composite_RollingRankIC,Revenue_Growth,0.1138641816940364,0.028748283710013773,12,rolling_rankic
20250127,Composite_RollingRankIC,Turnover_20D,0.0,-0.07828333384776257,12,rolling_rankic
20250127,Composite_RollingRankIC,Volatility,0.1866544083201459,0.04712626750817243,12,rolling_rankic
20250228,Composite_Equal,Debt_to_Equity,0.09090909090909091,,0,equal
20250228,Composite_Equal,Dividend_Yield,0.09090909090909091,,0,equal
20250228,Composite_Equal,Gross_Margin,0.09090909090909091,,0,equal
20250228,Composite_Equal,Holder_Concen,0.09090909090909091,,0,equal
20250228,Composite_Equal,Main_Net_In,0.09090909090909091,,0,equal
20250228,Composite_Equal,Momentum_60D,0.09090909090909091,,0,equal
20250228,Composite_Equal,PE_TTM,0.09090909090909091,,0,equal
20250228,Composite_Equal,ROE,0.09090909090909091,,0,equal
20250228,Composite_Equal,Revenue_Growth,0.09090909090909091,,0,equal
20250228,Composite_Equal,Turnover_20D,0.09090909090909091,,0,equal
20250228,Composite_Equal,Volatility,0.09090909090909091,,0,equal
20250228,Composite_RollingRankIC,Debt_to_Equity,0.007299132042549391,0.0015484237840236975,12,rolling_rankic
20250228,Composite_RollingRankIC,Dividend_Yield,0.16775245985451215,0.03558668306766002,12,rolling_rankic
20250228,Composite_RollingRankIC,Gross_Margin,0.03438665710020712,0.007294719070245914,12,rolling_rankic
20250228,Composite_RollingRankIC,Holder_Concen,0.011318014985645374,0.002400981855041066,12,rolling_rankic
20250228,Composite_RollingRankIC,Main_Net_In,0.012408082305441099,0.0026322266324090246,12,rolling_rankic
20250228,Composite_RollingRankIC,Momentum_60D,0.0,-0.06706608983331126,12,rolling_rankic
20250228,Composite_RollingRankIC,PE_TTM,0.27702396155266534,0.058767328541544296,12,rolling_rankic
20250228,Composite_RollingRankIC,ROE,0.13517657348500314,0.028676097405397723,12,rolling_rankic
20250228,Composite_RollingRankIC,Revenue_Growth,0.11004385193930472,0.02334449036338949,12,rolling_rankic
20250228,Composite_RollingRankIC,Turnover_20D,0.0,-0.08709353289750145,12,rolling_rankic
20250228,Composite_RollingRankIC,Volatility,0.24459126673467166,0.05188711925865767,12,rolling_rankic
20250331,Composite_Equal,Debt_to_Equity,0.09090909090909091,,0,equal
20250331,Composite_Equal,Dividend_Yield,0.09090909090909091,,0,equal
20250331,Composite_Equal,Gross_Margin,0.09090909090909091,,0,equal
20250331,Composite_Equal,Holder_Concen,0.09090909090909091,,0,equal
20250331,Composite_Equal,Main_Net_In,0.09090909090909091,,0,equal
20250331,Composite_Equal,Momentum_60D,0.09090909090909091,,0,equal
20250331,Composite_Equal,PE_TTM,0.09090909090909091,,0,equal
20250331,Composite_Equal,ROE,0.09090909090909091,,0,equal
20250331,Composite_Equal,Revenue_Growth,0.09090909090909091,,0,equal
20250331,Composite_Equal,Turnover_20D,0.09090909090909091,,0,equal
20250331,Composite_Equal,Volatility,0.09090909090909091,,0,equal
20250331,Composite_RollingRankIC,Debt_to_Equity,0.025554764011497467,0.007567513443276594,12,rolling_rankic
20250331,Composite_RollingRankIC,Dividend_Yield,0.17252754509851273,0.05109045484752248,12,rolling_rankic
20250331,Composite_RollingRankIC,Gross_Margin,0.0716960363895566,0.021231294445274915,12,rolling_rankic
20250331,Composite_RollingRankIC,Holder_Concen,0.025445996076411962,0.007535304074777371,12,rolling_rankic
20250331,Composite_RollingRankIC,Main_Net_In,0.0,-0.0036147418403397386,12,rolling_rankic
20250331,Composite_RollingRankIC,Momentum_60D,0.0,-0.057349230748746725,12,rolling_rankic
20250331,Composite_RollingRankIC,PE_TTM,0.2302213190974667,0.06817526964503005,12,rolling_rankic
20250331,Composite_RollingRankIC,ROE,0.15971634021868053,0.047296682183095524,12,rolling_rankic
20250331,Composite_RollingRankIC,Revenue_Growth,0.09729336780358461,0.028811413342108044,12,rolling_rankic
20250331,Composite_RollingRankIC,Turnover_20D,0.0,-0.10564535105266519,12,rolling_rankic
20250331,Composite_RollingRankIC,Volatility,0.21754463130428947,0.06442133142638995,12,rolling_rankic
20250430,Composite_Equal,Debt_to_Equity,0.09090909090909091,,0,equal
20250430,Composite_Equal,Dividend_Yield,0.09090909090909091,,0,equal
20250430,Composite_Equal,Gross_Margin,0.09090909090909091,,0,equal
20250430,Composite_Equal,Holder_Concen,0.09090909090909091,,0,equal
20250430,Composite_Equal,Main_Net_In,0.09090909090909091,,0,equal
20250430,Composite_Equal,Momentum_60D,0.09090909090909091,,0,equal
20250430,Composite_Equal,PE_TTM,0.09090909090909091,,0,equal
20250430,Composite_Equal,ROE,0.09090909090909091,,0,equal
20250430,Composite_Equal,Revenue_Growth,0.09090909090909091,,0,equal
20250430,Composite_Equal,Turnover_20D,0.09090909090909091,,0,equal
20250430,Composite_Equal,Volatility,0.09090909090909091,,0,equal
20250430,Composite_RollingRankIC,Debt_to_Equity,0.02432633061888448,0.00541544167951916,12,rolling_rankic
20250430,Composite_RollingRankIC,Dividend_Yield,0.19015015031969074,0.04233055389819853,12,rolling_rankic
20250430,Composite_RollingRankIC,Gross_Margin,0.07432100063769385,0.01654507828667313,12,rolling_rankic
20250430,Composite_RollingRankIC,Holder_Concen,0.020452829166731704,0.004553136486915145,12,rolling_rankic
20250430,Composite_RollingRankIC,Main_Net_In,0.0,-0.011374223275374096,12,rolling_rankic
20250430,Composite_RollingRankIC,Momentum_60D,0.0,-0.05390614301389376,12,rolling_rankic
20250430,Composite_RollingRankIC,PE_TTM,0.26923368951104787,0.05993585167246685,12,rolling_rankic
20250430,Composite_RollingRankIC,ROE,0.12936193913251823,0.028798097333176207,12,rolling_rankic
20250430,Composite_RollingRankIC,Revenue_Growth,0.1179591289647405,0.026259644065658293,12,rolling_rankic
20250430,Composite_RollingRankIC,Turnover_20D,0.0,-0.0911745210299915,12,rolling_rankic
20250430,Composite_RollingRankIC,Volatility,0.17419493164869268,0.03877865955167964,12,rolling_rankic
20250530,Composite_Equal,Debt_to_Equity,0.09090909090909091,,0,equal
20250530,Composite_Equal,Dividend_Yield,0.09090909090909091,,0,equal
20250530,Composite_Equal,Gross_Margin,0.09090909090909091,,0,equal
20250530,Composite_Equal,Holder_Concen,0.09090909090909091,,0,equal
20250530,Composite_Equal,Main_Net_In,0.09090909090909091,,0,equal
20250530,Composite_Equal,Momentum_60D,0.09090909090909091,,0,equal
20250530,Composite_Equal,PE_TTM,0.09090909090909091,,0,equal
20250530,Composite_Equal,ROE,0.09090909090909091,,0,equal
20250530,Composite_Equal,Revenue_Growth,0.09090909090909091,,0,equal
20250530,Composite_Equal,Turnover_20D,0.09090909090909091,,0,equal
20250530,Composite_Equal,Volatility,0.09090909090909091,,0,equal
20250530,Composite_RollingRankIC,Debt_to_Equity,0.005564513345189882,0.0009832827720365875,12,rolling_rankic
20250530,Composite_RollingRankIC,Dividend_Yield,0.22545170237425827,0.03983866353066743,12,rolling_rankic
20250530,Composite_RollingRankIC,Gross_Margin,0.04775783704238218,0.008439095295565822,12,rolling_rankic
20250530,Composite_RollingRankIC,Holder_Concen,0.004992081506924345,0.0008821306442915279,12,rolling_rankic
20250530,Composite_RollingRankIC,Main_Net_In,0.0,-0.01934418312154539,12,rolling_rankic
20250530,Composite_RollingRankIC,Momentum_60D,0.0,-0.06976242856296289,12,rolling_rankic
20250530,Composite_RollingRankIC,PE_TTM,0.3003876390407108,0.053080291496973124,12,rolling_rankic
20250530,Composite_RollingRankIC,ROE,0.06528000520071692,0.01153536715439999,12,rolling_rankic
20250530,Composite_RollingRankIC,Revenue_Growth,0.11025992718181662,0.019483588252620025,12,rolling_rankic
20250530,Composite_RollingRankIC,Turnover_20D,0.0,-0.1010051172256833,12,rolling_rankic
20250530,Composite_RollingRankIC,Volatility,0.24030629430800096,0.04246355872419031,12,rolling_rankic
20250630,Composite_Equal,Debt_to_Equity,0.09090909090909091,,0,equal
20250630,Composite_Equal,Dividend_Yield,0.09090909090909091,,0,equal
20250630,Composite_Equal,Gross_Margin,0.09090909090909091,,0,equal
20250630,Composite_Equal,Holder_Concen,0.09090909090909091,,0,equal
20250630,Composite_Equal,Main_Net_In,0.09090909090909091,,0,equal
20250630,Composite_Equal,Momentum_60D,0.09090909090909091,,0,equal
20250630,Composite_Equal,PE_TTM,0.09090909090909091,,0,equal
20250630,Composite_Equal,ROE,0.09090909090909091,,0,equal
20250630,Composite_Equal,Revenue_Growth,0.09090909090909091,,0,equal
20250630,Composite_Equal,Turnover_20D,0.09090909090909091,,0,equal
20250630,Composite_Equal,Volatility,0.09090909090909091,,0,equal
20250630,Composite_RollingRankIC,Debt_to_Equity,0.0,-0.005568913417554017,12,rolling_rankic
20250630,Composite_RollingRankIC,Dividend_Yield,0.23105051053424402,0.030906364676670767,12,rolling_rankic
20250630,Composite_RollingRankIC,Gross_Margin,0.031546651492159974,0.004219823245965225,12,rolling_rankic
20250630,Composite_RollingRankIC,Holder_Concen,0.0,-0.000744590594969855,12,rolling_rankic
20250630,Composite_RollingRankIC,Main_Net_In,0.0,-0.021640028352051022,12,rolling_rankic
20250630,Composite_RollingRankIC,Momentum_60D,0.0,-0.08894780992768277,12,rolling_rankic
20250630,Composite_RollingRankIC,PE_TTM,0.35751999142474106,0.04782349629361924,12,rolling_rankic
20250630,Composite_RollingRankIC,ROE,0.0,-0.0010386838937282298,12,rolling_rankic
20250630,Composite_RollingRankIC,Revenue_Growth,0.11155174599689716,0.01492166770862198,12,rolling_rankic
20250630,Composite_RollingRankIC,Turnover_20D,0.0,-0.11057086570727816,12,rolling_rankic
20250630,Composite_RollingRankIC,Volatility,0.2683311005519577,0.03589318555745883,12,rolling_rankic
20250731,Composite_Equal,Debt_to_Equity,0.09090909090909091,,0,equal
20250731,Composite_Equal,Dividend_Yield,0.09090909090909091,,0,equal
20250731,Composite_Equal,Gross_Margin,0.09090909090909091,,0,equal
20250731,Composite_Equal,Holder_Concen,0.09090909090909091,,0,equal
20250731,Composite_Equal,Main_Net_In,0.09090909090909091,,0,equal
20250731,Composite_Equal,Momentum_60D,0.09090909090909091,,0,equal
20250731,Composite_Equal,PE_TTM,0.09090909090909091,,0,equal
20250731,Composite_Equal,ROE,0.09090909090909091,,0,equal
20250731,Composite_Equal,Revenue_Growth,0.09090909090909091,,0,equal
20250731,Composite_Equal,Turnover_20D,0.09090909090909091,,0,equal
20250731,Composite_Equal,Volatility,0.09090909090909091,,0,equal
20250731,Composite_RollingRankIC,Debt_to_Equity,0.0,-0.0005871383416580384,12,rolling_rankic
20250731,Composite_RollingRankIC,Dividend_Yield,0.20152568452888925,0.041191112217243205,12,rolling_rankic
20250731,Composite_RollingRankIC,Gross_Margin,0.06868424454330763,0.014038808160626234,12,rolling_rankic
20250731,Composite_RollingRankIC,Holder_Concen,0.010163460733750166,0.002077374169839052,12,rolling_rankic
20250731,Composite_RollingRankIC,Main_Net_In,0.0,-0.02193508615329831,12,rolling_rankic
20250731,Composite_RollingRankIC,Momentum_60D,0.0,-0.08169326261826657,12,rolling_rankic
20250731,Composite_RollingRankIC,PE_TTM,0.2947796650557433,0.06025188447347443,12,rolling_rankic
20250731,Composite_RollingRankIC,ROE,0.07381854225587844,0.015088239818579105,12,rolling_rankic
20250731,Composite_RollingRankIC,Revenue_Growth,0.11748150919341259,0.024012790428920416,12,rolling_rankic
20250731,Composite_RollingRankIC,Turnover_20D,0.0,-0.11907928838385651,12,rolling_rankic
20250731,Composite_RollingRankIC,Volatility,0.23354689368901868,0.04773613015344392,12,rolling_rankic
20250829,Composite_Equal,Debt_to_Equity,0.09090909090909091,,0,equal
20250829,Composite_Equal,Dividend_Yield,0.09090909090909091,,0,equal
20250829,Composite_Equal,Gross_Margin,0.09090909090909091,,0,equal
20250829,Composite_Equal,Holder_Concen,0.09090909090909091,,0,equal
20250829,Composite_Equal,Main_Net_In,0.09090909090909091,,0,equal
20250829,Composite_Equal,Momentum_60D,0.09090909090909091,,0,equal
20250829,Composite_Equal,PE_TTM,0.09090909090909091,,0,equal
20250829,Composite_Equal,ROE,0.09090909090909091,,0,equal
20250829,Composite_Equal,Revenue_Growth,0.09090909090909091,,0,equal
20250829,Composite_Equal,Turnover_20D,0.09090909090909091,,0,equal
20250829,Composite_Equal,Volatility,0.09090909090909091,,0,equal
20250829,Composite_RollingRankIC,Debt_to_Equity,0.01754231807899467,0.0032469635829292867,12,rolling_rankic
20250829,Composite_RollingRankIC,Dividend_Yield,0.1367648237878643,0.02531423727840566,12,rolling_rankic
20250829,Composite_RollingRankIC,Gross_Margin,0.11234710429732904,0.020794683727561922,12,rolling_rankic
20250829,Composite_RollingRankIC,Holder_Concen,0.029557133953880693,0.005470824159717512,12,rolling_rankic
20250829,Composite_RollingRankIC,Main_Net_In,0.0,-0.024984546629572935,12,rolling_rankic
20250829,Composite_RollingRankIC,Momentum_60D,0.0,-0.07912000822884722,12,rolling_rankic
20250829,Composite_RollingRankIC,PE_TTM,0.29237527379538636,0.054116671598797274,12,rolling_rankic
20250829,Composite_RollingRankIC,ROE,0.10355707904584173,0.01916770992876943,12,rolling_rankic
20250829,Composite_RollingRankIC,Revenue_Growth,0.17442847953244023,0.03228552340216245,12,rolling_rankic
20250829,Composite_RollingRankIC,Turnover_20D,0.0,-0.10242886257831064,12,rolling_rankic
20250829,Composite_RollingRankIC,Volatility,0.13342778750826298,0.024696574594033658,12,rolling_rankic
20250930,Composite_Equal,Debt_to_Equity,0.09090909090909091,,0,equal
20250930,Composite_Equal,Dividend_Yield,0.09090909090909091,,0,equal
20250930,Composite_Equal,Gross_Margin,0.09090909090909091,,0,equal
20250930,Composite_Equal,Holder_Concen,0.09090909090909091,,0,equal
20250930,Composite_Equal,Main_Net_In,0.09090909090909091,,0,equal
20250930,Composite_Equal,Momentum_60D,0.09090909090909091,,0,equal
20250930,Composite_Equal,PE_TTM,0.09090909090909091,,0,equal
20250930,Composite_Equal,ROE,0.09090909090909091,,0,equal
20250930,Composite_Equal,Revenue_Growth,0.09090909090909091,,0,equal
20250930,Composite_Equal,Turnover_20D,0.09090909090909091,,0,equal
20250930,Composite_Equal,Volatility,0.09090909090909091,,0,equal
20250930,Composite_RollingRankIC,Debt_to_Equity,0.0,-0.0007077915101607077,12,rolling_rankic
20250930,Composite_RollingRankIC,Dividend_Yield,0.15009515009058533,0.031644627617835965,12,rolling_rankic
20250930,Composite_RollingRankIC,Gross_Margin,0.061431081395391926,0.01295154236326043,12,rolling_rankic
20250930,Composite_RollingRankIC,Holder_Concen,0.0018733996830721596,0.0003949696929874946,12,rolling_rankic
20250930,Composite_RollingRankIC,Main_Net_In,0.0,-0.017459806099910023,12,rolling_rankic
20250930,Composite_RollingRankIC,Momentum_60D,0.0,-0.06843162536045123,12,rolling_rankic
20250930,Composite_RollingRankIC,PE_TTM,0.23833578464209476,0.0502484400625341,12,rolling_rankic
20250930,Composite_RollingRankIC,ROE,0.10247582182592892,0.02160502334389972,12,rolling_rankic
20250930,Composite_RollingRankIC,Revenue_Growth,0.1547377824141358,0.03262343586684746,12,rolling_rankic
20250930,Composite_RollingRankIC,Turnover_20D,0.0,-0.11443626910379946,12,rolling_rankic
20250930,Composite_RollingRankIC,Volatility,0.2910509799487912,0.06136240826387265,12,rolling_rankic
20251031,Composite_Equal,Debt_to_Equity,0.09090909090909091,,0,equal
20251031,Composite_Equal,Dividend_Yield,0.09090909090909091,,0,equal
20251031,Composite_Equal,Gross_Margin,0.09090909090909091,,0,equal
20251031,Composite_Equal,Holder_Concen,0.09090909090909091,,0,equal
20251031,Composite_Equal,Main_Net_In,0.09090909090909091,,0,equal
20251031,Composite_Equal,Momentum_60D,0.09090909090909091,,0,equal
20251031,Composite_Equal,PE_TTM,0.09090909090909091,,0,equal
20251031,Composite_Equal,ROE,0.09090909090909091,,0,equal
20251031,Composite_Equal,Revenue_Growth,0.09090909090909091,,0,equal
20251031,Composite_Equal,Turnover_20D,0.09090909090909091,,0,equal
20251031,Composite_Equal,Volatility,0.09090909090909091,,0,equal
20251031,Composite_RollingRankIC,Debt_to_Equity,0.035967514557912215,0.009391128791013113,12,rolling_rankic
20251031,Composite_RollingRankIC,Dividend_Yield,0.15462897012189875,0.04037367027122046,12,rolling_rankic
20251031,Composite_RollingRankIC,Gross_Margin,0.08606605587350154,0.02247187288799696,12,rolling_rankic
20251031,Composite_RollingRankIC,Holder_Concen,0.02168089167083261,0.005660887289194197,12,rolling_rankic
20251031,Composite_RollingRankIC,Main_Net_In,0.0,-0.014493806199400371,12,rolling_rankic
20251031,Composite_RollingRankIC,Momentum_60D,0.0,-0.08255798029717243,12,rolling_rankic
20251031,Composite_RollingRankIC,PE_TTM,0.20642581418045475,0.05389784172150811,12,rolling_rankic
20251031,Composite_RollingRankIC,ROE,0.10863230800938092,0.02836392805898455,12,rolling_rankic
20251031,Composite_RollingRankIC,Revenue_Growth,0.12700531413631255,0.03316112544492768,12,rolling_rankic
20251031,Composite_RollingRankIC,Turnover_20D,0.0,-0.12113043227988081,12,rolling_rankic
20251031,Composite_RollingRankIC,Volatility,0.2595931314497067,0.06777984413633338,12,rolling_rankic
20251128,Composite_Equal,Debt_to_Equity,0.09090909090909091,,0,equal
20251128,Composite_Equal,Dividend_Yield,0.09090909090909091,,0,equal
20251128,Composite_Equal,Gross_Margin,0.09090909090909091,,0,equal
20251128,Composite_Equal,Holder_Concen,0.09090909090909091,,0,equal
20251128,Composite_Equal,Main_Net_In,0.09090909090909091,,0,equal
20251128,Composite_Equal,Momentum_60D,0.09090909090909091,,0,equal
20251128,Composite_Equal,PE_TTM,0.09090909090909091,,0,equal
20251128,Composite_Equal,ROE,0.09090909090909091,,0,equal
20251128,Composite_Equal,Revenue_Growth,0.09090909090909091,,0,equal
20251128,Composite_Equal,Turnover_20D,0.09090909090909091,,0,equal
20251128,Composite_Equal,Volatility,0.09090909090909091,,0,equal
20251128,Composite_RollingRankIC,Debt_to_Equity,0.01279337031081453,0.003290538824606478,12,rolling_rankic
20251128,Composite_RollingRankIC,Dividend_Yield,0.18622209377959423,0.047897544954457694,12,rolling_rankic
20251128,Composite_RollingRankIC,Gross_Margin,0.060003869604854376,0.01543338915113659,12,rolling_rankic
20251128,Composite_RollingRankIC,Holder_Concen,0.02057931150275676,0.005293134009124167,12,rolling_rankic
20251128,Composite_RollingRankIC,Main_Net_In,0.0,-0.01504498810432144,12,rolling_rankic
20251128,Composite_RollingRankIC,Momentum_60D,0.0,-0.07802607470327598,12,rolling_rankic
20251128,Composite_RollingRankIC,PE_TTM,0.1739831708211641,0.04474961362849283,12,rolling_rankic
20251128,Composite_RollingRankIC,ROE,0.09829192674465045,0.02528132878521014,12,rolling_rankic
20251128,Composite_RollingRankIC,Revenue_Growth,0.1152021936859149,0.029630760448081106,12,rolling_rankic
20251128,Composite_RollingRankIC,Turnover_20D,0.0,-0.12223090824638792,12,rolling_rankic
20251128,Composite_RollingRankIC,Volatility,0.33292406355025067,0.08563025458833184,12,rolling_rankic
20251231,Composite_Equal,Debt_to_Equity,0.09090909090909091,,0,equal
20251231,Composite_Equal,Dividend_Yield,0.09090909090909091,,0,equal
20251231,Composite_Equal,Gross_Margin,0.09090909090909091,,0,equal
20251231,Composite_Equal,Holder_Concen,0.09090909090909091,,0,equal
20251231,Composite_Equal,Main_Net_In,0.09090909090909091,,0,equal
20251231,Composite_Equal,Momentum_60D,0.09090909090909091,,0,equal
20251231,Composite_Equal,PE_TTM,0.09090909090909091,,0,equal
20251231,Composite_Equal,ROE,0.09090909090909091,,0,equal
20251231,Composite_Equal,Revenue_Growth,0.09090909090909091,,0,equal
20251231,Composite_Equal,Turnover_20D,0.09090909090909091,,0,equal
20251231,Composite_Equal,Volatility,0.09090909090909091,,0,equal
20251231,Composite_RollingRankIC,Debt_to_Equity,0.013216521811395045,0.0026390527436622145,12,rolling_rankic
20251231,Composite_RollingRankIC,Dividend_Yield,0.15091982520309197,0.030135415690976067,12,rolling_rankic
20251231,Composite_RollingRankIC,Gross_Margin,0.09032607487688427,0.018036158009632854,12,rolling_rankic
20251231,Composite_RollingRankIC,Holder_Concen,0.011459192606546521,0.0022881522173547023,12,rolling_rankic
20251231,Composite_RollingRankIC,Main_Net_In,0.0,-0.015725595829580344,12,rolling_rankic
20251231,Composite_RollingRankIC,Momentum_60D,0.0,-0.054485542705692086,12,rolling_rankic
20251231,Composite_RollingRankIC,PE_TTM,0.22262907113613412,0.04445419675350798,12,rolling_rankic
20251231,Composite_RollingRankIC,ROE,0.0851391838793151,0.01700044837940247,12,rolling_rankic
20251231,Composite_RollingRankIC,Revenue_Growth,0.14768939515331353,0.02949036887701581,12,rolling_rankic
20251231,Composite_RollingRankIC,Turnover_20D,0.0,-0.10239700952180171,12,rolling_rankic
20251231,Composite_RollingRankIC,Volatility,0.27862073533331944,0.055634517652641595,12,rolling_rankic
20260130,Composite_Equal,Debt_to_Equity,0.09090909090909091,,0,equal
20260130,Composite_Equal,Dividend_Yield,0.09090909090909091,,0,equal
20260130,Composite_Equal,Gross_Margin,0.09090909090909091,,0,equal
20260130,Composite_Equal,Holder_Concen,0.09090909090909091,,0,equal
20260130,Composite_Equal,Main_Net_In,0.09090909090909091,,0,equal
20260130,Composite_Equal,Momentum_60D,0.09090909090909091,,0,equal
20260130,Composite_Equal,PE_TTM,0.09090909090909091,,0,equal
20260130,Composite_Equal,ROE,0.09090909090909091,,0,equal
20260130,Composite_Equal,Revenue_Growth,0.09090909090909091,,0,equal
20260130,Composite_Equal,Turnover_20D,0.09090909090909091,,0,equal
20260130,Composite_Equal,Volatility,0.09090909090909091,,0,equal
20260130,Composite_RollingRankIC,Debt_to_Equity,0.016183834651817233,0.0030626163947351345,12,rolling_rankic
20260130,Composite_RollingRankIC,Dividend_Yield,0.1896585560315295,0.03589083895136882,12,rolling_rankic
20260130,Composite_RollingRankIC,Gross_Margin,0.0792654893073968,0.015000140097345667,12,rolling_rankic
20260130,Composite_RollingRankIC,Holder_Concen,0.006893018680398953,0.0013044295418227672,12,rolling_rankic
20260130,Composite_RollingRankIC,Main_Net_In,0.0,-0.011102497810040109,12,rolling_rankic
20260130,Composite_RollingRankIC,Momentum_60D,0.0,-0.04534768282274254,12,rolling_rankic
20260130,Composite_RollingRankIC,PE_TTM,0.18713474507614328,0.0354132349115679,12,rolling_rankic
20260130,Composite_RollingRankIC,ROE,0.06973524291302437,0.013196643615750495,12,rolling_rankic
20260130,Composite_RollingRankIC,Revenue_Growth,0.09933604633014773,0.018798276837604645,12,rolling_rankic
20260130,Composite_RollingRankIC,Turnover_20D,0.0,-0.1044570251613572,12,rolling_rankic
20260130,Composite_RollingRankIC,Volatility,0.3517930670095422,0.06657304883281176,12,rolling_rankic
20260227,Composite_Equal,Debt_to_Equity,0.09090909090909091,,0,equal
20260227,Composite_Equal,Dividend_Yield,0.09090909090909091,,0,equal
20260227,Composite_Equal,Gross_Margin,0.09090909090909091,,0,equal
20260227,Composite_Equal,Holder_Concen,0.09090909090909091,,0,equal
20260227,Composite_Equal,Main_Net_In,0.09090909090909091,,0,equal
20260227,Composite_Equal,Momentum_60D,0.09090909090909091,,0,equal
20260227,Composite_Equal,PE_TTM,0.09090909090909091,,0,equal
20260227,Composite_Equal,ROE,0.09090909090909091,,0,equal
20260227,Composite_Equal,Revenue_Growth,0.09090909090909091,,0,equal
20260227,Composite_Equal,Turnover_20D,0.09090909090909091,,0,equal
20260227,Composite_Equal,Volatility,0.09090909090909091,,0,equal
20260227,Composite_RollingRankIC,Debt_to_Equity,0.019792427731948472,0.004295156033697668,12,rolling_rankic
20260227,Composite_RollingRankIC,Dividend_Yield,0.2024075785733799,0.0439244818346497,12,rolling_rankic
20260227,Composite_RollingRankIC,Gross_Margin,0.04275470724902109,0.009278201810139037,12,rolling_rankic
20260227,Composite_RollingRankIC,Holder_Concen,0.0,-0.0014013921122648387,12,rolling_rankic
20260227,Composite_RollingRankIC,Main_Net_In,0.0,-0.01259091110531529,12,rolling_rankic
20260227,Composite_RollingRankIC,Momentum_60D,0.0,-0.03264725042765669,12,rolling_rankic
20260227,Composite_RollingRankIC,PE_TTM,0.1658842040175401,0.035998541938893826,12,rolling_rankic
20260227,Composite_RollingRankIC,ROE,0.07366141943073934,0.015985269437562215,12,rolling_rankic
20260227,Composite_RollingRankIC,Revenue_Growth,0.09059777519553694,0.019660629107290783,12,rolling_rankic
20260227,Composite_RollingRankIC,Turnover_20D,0.0,-0.10504799731236447,12,rolling_rankic
20260227,Composite_RollingRankIC,Volatility,0.4049018878018341,0.08786778509441683,12,rolling_rankic
20260331,Composite_Equal,Debt_to_Equity,0.09090909090909091,,0,equal
20260331,Composite_Equal,Dividend_Yield,0.09090909090909091,,0,equal
20260331,Composite_Equal,Gross_Margin,0.09090909090909091,,0,equal
20260331,Composite_Equal,Holder_Concen,0.09090909090909091,,0,equal
20260331,Composite_Equal,Main_Net_In,0.09090909090909091,,0,equal
20260331,Composite_Equal,Momentum_60D,0.09090909090909091,,0,equal
20260331,Composite_Equal,PE_TTM,0.09090909090909091,,0,equal
20260331,Composite_Equal,ROE,0.09090909090909091,,0,equal
20260331,Composite_Equal,Revenue_Growth,0.09090909090909091,,0,equal
20260331,Composite_Equal,Turnover_20D,0.09090909090909091,,0,equal
20260331,Composite_Equal,Volatility,0.09090909090909091,,0,equal
20260331,Composite_RollingRankIC,Debt_to_Equity,0.0,-0.0009097123337940558,12,rolling_rankic
20260331,Composite_RollingRankIC,Dividend_Yield,0.245006632719034,0.03928888484976542,12,rolling_rankic
20260331,Composite_RollingRankIC,Gross_Margin,0.0006233568176367419,9.99605355848945e-05,12,rolling_rankic
20260331,Composite_RollingRankIC,Holder_Concen,0.0,-0.0020419757273711712,12,rolling_rankic
20260331,Composite_RollingRankIC,Main_Net_In,0.0,-0.020660893714319225,12,rolling_rankic
20260331,Composite_RollingRankIC,Momentum_60D,0.0,-0.037388937857123695,12,rolling_rankic
20260331,Composite_RollingRankIC,PE_TTM,0.14319639693400762,0.02296275283491317,12,rolling_rankic
20260331,Composite_RollingRankIC,ROE,0.006429551091599598,0.0010310328731517459,12,rolling_rankic
20260331,Composite_RollingRankIC,Revenue_Growth,0.08485811538137211,0.01360771619440255,12,rolling_rankic
20260331,Composite_RollingRankIC,Turnover_20D,0.0,-0.09644236657423595,12,rolling_rankic
20260331,Composite_RollingRankIC,Volatility,0.5198859470563499,0.08336810674155004,12,rolling_rankic
20260430,Composite_Equal,Debt_to_Equity,0.09090909090909091,,0,equal
20260430,Composite_Equal,Dividend_Yield,0.09090909090909091,,0,equal
20260430,Composite_Equal,Gross_Margin,0.09090909090909091,,0,equal
20260430,Composite_Equal,Holder_Concen,0.09090909090909091,,0,equal
20260430,Composite_Equal,Main_Net_In,0.09090909090909091,,0,equal
20260430,Composite_Equal,Momentum_60D,0.09090909090909091,,0,equal
20260430,Composite_Equal,PE_TTM,0.09090909090909091,,0,equal
20260430,Composite_Equal,ROE,0.09090909090909091,,0,equal
20260430,Composite_Equal,Revenue_Growth,0.09090909090909091,,0,equal
20260430,Composite_Equal,Turnover_20D,0.09090909090909091,,0,equal
20260430,Composite_Equal,Volatility,0.09090909090909091,,0,equal
20260430,Composite_RollingRankIC,Debt_to_Equity,0.0,-0.0007213726359194188,12,rolling_rankic
20260430,Composite_RollingRankIC,Dividend_Yield,0.21436768874243242,0.03322589446474749,12,rolling_rankic
20260430,Composite_RollingRankIC,Gross_Margin,0.0,-0.0003788327336565302,12,rolling_rankic
20260430,Composite_RollingRankIC,Holder_Concen,0.0,-0.0020505408266314027,12,rolling_rankic
20260430,Composite_RollingRankIC,Main_Net_In,0.0,-0.015053310665372598,12,rolling_rankic
20260430,Composite_RollingRankIC,Momentum_60D,0.0,-0.04139459040983449,12,rolling_rankic
20260430,Composite_RollingRankIC,PE_TTM,0.14747522174747643,0.022857904485010055,12,rolling_rankic
20260430,Composite_RollingRankIC,ROE,0.0,-8.336951563784357e-05,12,rolling_rankic
20260430,Composite_RollingRankIC,Revenue_Growth,0.12437649951498882,0.019277720775098022,12,rolling_rankic
20260430,Composite_RollingRankIC,Turnover_20D,0.0,-0.09669574810360893,12,rolling_rankic
20260430,Composite_RollingRankIC,Volatility,0.5137805899951025,0.07963336154509715,12,rolling_rankic
20260529,Composite_Equal,Debt_to_Equity,0.09090909090909091,,0,equal
20260529,Composite_Equal,Dividend_Yield,0.09090909090909091,,0,equal
20260529,Composite_Equal,Gross_Margin,0.09090909090909091,,0,equal
20260529,Composite_Equal,Holder_Concen,0.09090909090909091,,0,equal
20260529,Composite_Equal,Main_Net_In,0.09090909090909091,,0,equal
20260529,Composite_Equal,Momentum_60D,0.09090909090909091,,0,equal
20260529,Composite_Equal,PE_TTM,0.09090909090909091,,0,equal
20260529,Composite_Equal,ROE,0.09090909090909091,,0,equal
20260529,Composite_Equal,Revenue_Growth,0.09090909090909091,,0,equal
20260529,Composite_Equal,Turnover_20D,0.09090909090909091,,0,equal
20260529,Composite_Equal,Volatility,0.09090909090909091,,0,equal
20260529,Composite_RollingRankIC,Debt_to_Equity,0.012829483967114894,0.0022295590099807674,12,rolling_rankic
20260529,Composite_RollingRankIC,Dividend_Yield,0.19564321473258414,0.033999659944758294,12,rolling_rankic
20260529,Composite_RollingRankIC,Gross_Margin,0.030152822158607557,0.005240077971365936,12,rolling_rankic
20260529,Composite_RollingRankIC,Holder_Concen,0.006579790415058018,0.0011434622812016894,12,rolling_rankic
20260529,Composite_RollingRankIC,Main_Net_In,0.0,-0.00796287342821282,12,rolling_rankic
20260529,Composite_RollingRankIC,Momentum_60D,0.0,-0.032614639010996004,12,rolling_rankic
20260529,Composite_RollingRankIC,PE_TTM,0.153425723351993,0.026662935527186137,12,rolling_rankic
20260529,Composite_RollingRankIC,ROE,0.028641272560962966,0.00497739483983082,12,rolling_rankic
20260529,Composite_RollingRankIC,Revenue_Growth,0.12299209363147806,0.021374057695176845,12,rolling_rankic
20260529,Composite_RollingRankIC,Turnover_20D,0.0,-0.09152576615579373,12,rolling_rankic
20260529,Composite_RollingRankIC,Volatility,0.44973559918220146,0.07815685025492627,12,rolling_rankic
20260630,Composite_Equal,Debt_to_Equity,0.09090909090909091,,0,equal
20260630,Composite_Equal,Dividend_Yield,0.09090909090909091,,0,equal
20260630,Composite_Equal,Gross_Margin,0.09090909090909091,,0,equal
20260630,Composite_Equal,Holder_Concen,0.09090909090909091,,0,equal
20260630,Composite_Equal,Main_Net_In,0.09090909090909091,,0,equal
20260630,Composite_Equal,Momentum_60D,0.09090909090909091,,0,equal
20260630,Composite_Equal,PE_TTM,0.09090909090909091,,0,equal
20260630,Composite_Equal,ROE,0.09090909090909091,,0,equal
20260630,Composite_Equal,Revenue_Growth,0.09090909090909091,,0,equal
20260630,Composite_Equal,Turnover_20D,0.09090909090909091,,0,equal
20260630,Composite_Equal,Volatility,0.09090909090909091,,0,equal
20260630,Composite_RollingRankIC,Debt_to_Equity,0.01765941580831307,0.0029191046422259287,12,rolling_rankic
20260630,Composite_RollingRankIC,Dividend_Yield,0.16600204001803004,0.027440167381272817,12,rolling_rankic
20260630,Composite_RollingRankIC,Gross_Margin,0.055841172701314064,0.009230555995120258,12,rolling_rankic
20260630,Composite_RollingRankIC,Holder_Concen,0.00587017864560305,0.000970341596861254,12,rolling_rankic
20260630,Composite_RollingRankIC,Main_Net_In,0.0,-0.0011747361489452778,12,rolling_rankic
20260630,Composite_RollingRankIC,Momentum_60D,0.0,-0.015585856656735985,12,rolling_rankic
20260630,Composite_RollingRankIC,PE_TTM,0.13485280599601362,0.022291193336919313,12,rolling_rankic
20260630,Composite_RollingRankIC,ROE,0.03301933568193418,0.005458102188577309,12,rolling_rankic
20260630,Composite_RollingRankIC,Revenue_Growth,0.15507554994977094,0.02563401658740137,12,rolling_rankic
20260630,Composite_RollingRankIC,Turnover_20D,0.0,-0.07410615330725319,12,rolling_rankic
20260630,Composite_RollingRankIC,Volatility,0.431679501199021,0.07135669999404183,12,rolling_rankic
